"id","movie_id","genre_id"
"309bef41-46d5-4b53-b3a7-20f1f7eb660c",424694,18
"081a1647-7b98-48b5-9e31-110c0811d42b",424694,10402
"d26464ae-a016-480a-9470-94a6d3240a65",471507,53
"3f6c9617-ae0f-4d5a-9f61-b405d1817d44",487297,35
"e4fef2b2-932e-4f1e-97ec-6ab4cedb4304",454294,28
"66be76a6-a87a-47f2-9dce-68e2803e3f6d",471507,80
"05bfb8b4-58b5-401a-af1c-188b3e80a970",487297,14
"554a905e-d649-4f64-85bd-32043c0e9891",454294,12
"9157eaac-7a58-465d-a806-b8c6b211120e",471507,18
"98b909d1-b666-40da-9d93-8b7ae08c4738",487297,10749
"8610cb6a-8e86-4139-b68e-8f7eac4f6aed",454294,14
"b7b54344-292c-461c-9632-2bbc2c812e63",471507,28
"e5d44bc1-116f-4eb5-be09-020dcec03be8",454294,10751
"6e5d83ec-3b4a-4ed2-bdd0-3e8837e5e828",287947,35
"6e5b4380-b7d6-47b8-8342-f3fbda6b3118",424783,28
"ca37a74b-8256-4f98-8955-32e54d5c1613",522681,53
"1288ced7-beb6-4c5f-a5f0-9455a1f2545b",287947,12
"6ad8db3f-6aa5-4645-8b42-0fa4965558da",424783,12
"d65efed0-6275-41ac-8a07-083559d9a096",287947,14
"be0873ea-2b6f-4af2-a2c0-e1f2d4ed3a40",424783,878
"7f1c10e4-968c-4867-8e50-162527d8ab29",504172,80
"6e665578-6a0e-43bd-bb4c-8e8b25e73665",329996,12
"155f43d0-198c-441c-918b-432e4d92738e",458723,53
"5112547f-11f7-4caa-a908-e9a6bb26b85c",329996,10751
"e7ec9f06-4296-49c0-b9bc-4e6e5d11d29c",504172,18
"41cbadfa-5052-4c3d-9fbe-b7640d7ba4eb",329996,14
"bb7a9604-7c5c-44e2-9e0d-e10ef32b1f6c",458723,27
"abbfea08-e7d3-46dd-a0cc-d8d51299c6b5",504172,53
"473f389b-3403-480b-bf65-1be966b35c65",498580,35
"83cb1a7a-af05-4440-a1f7-e04877ff804c",498580,27
"8ad052a5-1ff5-49e7-8529-f39855267847",166428,16
"7df31cae-097f-4a3b-b000-f9dc9dd8a20b",537915,18
"cbf1ec1c-7c4a-4138-b12b-98784b493c59",411728,18
"41f29062-a158-4e39-9a62-540bf89cca54",166428,10751
"2ffec740-bf36-4c0a-a48f-da81f0825bda",537915,10749
"e564494e-ce2d-4381-94ea-5a2bd2fd5b28",411728,36
"40c6c1eb-17ed-4402-a1da-f5ba26183eb9",166428,12
"3b87bc25-6364-4861-8a0c-c3c0390e6af6",411728,9648
"dad22e54-b6c9-408a-8c45-54c567e1f803",456740,28
"2c9e5516-cc50-4264-91ec-f469f80b3b26",157433,27
"b7c13e1e-1488-4fce-880d-181be86d3684",456740,12
"7e0f6f64-57a4-47bd-893e-ba4af20d9de7",157433,53
"b50f3458-22c0-4e2d-9b3f-565ba0a42232",480414,53
"4dcc4050-52c1-4574-9239-6c993d1d5067",500682,80
"df140630-241f-4a26-a38b-80609a7d70bf",456740,14
"81023d31-fef7-4c14-947d-1e7e9e7093a1",299537,28
"3b2c9a01-7d36-40b1-b4df-e91dae8f127c",480414,27
"a2b3b438-46a1-415b-9827-d97fbb0090b4",500682,18
"2209fb56-6cd8-47f3-bb4f-832bcfa612cd",299537,12
"c7c35a33-62b6-451f-83b4-8fccca726421",480414,9648
"68fde963-553d-421a-8ef4-eeec03b13a06",500682,53
"c8801fd3-6a81-46d8-a466-3dde851865cc",299537,878
"72afbe9c-d89f-4217-b81c-1fce7417eb62",458253,16
"ea2dbc6f-9a6c-463c-aee2-2c287d7613a0",458253,35
"398f95b4-3a4d-4fc4-b8d6-f4cb7994333d",458253,12
"a3a639cb-a319-43c6-8c5b-c7164316e3ac",458253,14
"1d44601e-fb32-483f-8b3a-bba3f259d922",458253,10751
"edd1fab2-65e9-4d49-9710-47120f80206b",477016,18
"97a9a140-e60c-4be2-a0db-2b364fd92bd1",477016,80
"e069dc45-4fcf-487c-ae5a-fc2de9bce67b",477016,9648
"924a6b86-acb9-4848-b6e1-fcd134ad49c6",519238,27
"86971408-9d2d-49ee-ac51-036f35f27760",487850,18
"74514e34-e612-4dc9-90b2-8b235f30807c",438146,18
"0a74536a-ad94-499c-8bd2-e5fd8499e699",438146,80
"cfff0993-d633-42b1-9bfa-924cdb5f2452",574370,35
"8753ac02-acb3-404d-9595-b98457392370",595266,35
"5a279769-a4df-41f8-a916-8a2a2ad05cff",341735,18
"0f74561b-61f0-4b2b-8db1-4f6af91d66c6",341735,10749
"6a9286da-9e14-4024-a9bc-73abf30029e7",341735,35
"a34d477d-53eb-495b-b551-b642621b939e",337676,10749
"0cb21c1a-b489-464e-b0bd-239e108ab61b",337676,18
"45e0a8c2-8c4e-46d1-b6d3-e49d62466218",595490,18
"eea5d274-3848-42bd-a57c-d51b5f7cce26",476344,18
"99895ddf-13ae-47a2-a711-36a461bb9e50",482150,10402
"007edae1-5ada-4604-9104-30ea263cc282",482150,16
"cf2e2ecf-de3d-4551-93ae-8923190d1057",482150,18
"cb741984-e962-432d-b510-ab8439df2502",595495,18
"684770c0-79bf-4fa6-9db8-61e429a68679",595495,14
"aeba242b-bfeb-4d78-931f-cedef0d6d54d",503706,27
"b95d09e2-df19-4c39-b067-110cd9b081d8",503706,53
"e78b9845-17f9-4139-ae5c-87515044a0f3",503706,18
"fb4bfed1-4b60-4772-ba59-e52424eea58b",525763,27
"9199f3a7-578f-4b72-9462-c8f396ade351",525763,99
"e6e06b71-2a3d-488f-8247-e663fbcfad4e",502897,10402
"4d1aa0c5-63bf-4a2e-8345-463c20502ac0",502897,18
"36f1a522-ff98-4bed-8ab5-4b0f257afc8d",280217,28
"d4c6a573-cf13-47bc-8aa6-57d7bc795376",280217,12
"14b7fed1-16bd-4dff-88ab-8d00b870c190",280217,16
"13d2a365-246d-476c-ac0a-9df7332ec474",280217,35
"c23c33f7-94d3-4dd0-8dfd-87b491974201",280217,10751
"04bd7a83-a997-4074-8f69-c3acf7d21b6f",280217,878
"7096ac64-4bde-47b5-908c-eb007621d4a1",280217,14
"80a679c1-dd1f-4c52-912f-b62e534c3771",376865,878
"c1777c07-76a9-41f3-8687-1ae8ae3212d1",376865,53
"bee540d4-d9c4-4c98-ac95-b826710bb9b2",438650,28
"0f20a0dd-ddcf-4f96-8652-57ec36195d3c",438650,18
"4efa2eaa-aff0-497e-ab28-51cf69f70f9d",438650,53
"c0448810-e3eb-44a2-bc28-4339cc4c07a2",491418,35
"94361861-ad04-4f99-9fb5-df140fa231f1",491418,18
"da25e5b7-aa09-4589-a98f-5fbd757fcaa1",399361,28
"0ac20701-eeb5-4684-808a-44c20395a8fc",399361,53
"eaad24b2-a757-437e-be6e-e858d5963d34",399361,80
"02dd9b7a-fb8c-4358-8cff-55362dbaaea8",399361,12
"87bfd12f-37f8-447f-857d-16b7bb44144c",576071,18
"0fd38ee2-8c85-4c88-870e-e373f9e24f87",527641,10749
"47e659ca-805a-47a7-b8bb-b6da658285cc",527641,18
"002466aa-69d9-4f2f-a1f3-86bbe33a720f",514439,18
"3e7225bf-5dd6-43a0-97ec-f02ff1ad46df",440161,35
"3791fec7-5d0a-46d8-ac6b-5e04abeb7692",440161,18
"ad312c93-c494-4489-a3a5-5eacd5a154de",440161,37
"219d5353-07f4-49e9-abe4-96126e163621",490132,18
"4a088fad-72d1-4d72-ae92-390af9f1b169",490132,35
"db352a79-4eda-4693-bf2a-c6bb528e66a9",490132,10402
"05e7192e-a2e4-44bd-a474-b6243844308a",361292,53
"9ff9aacd-b351-4643-892b-9f7fbf4b059c",361292,9648
"fae8f5b8-84b3-4b5c-9b63-2ad9813531f8",361292,27
"2e6077d1-8e45-4c23-959e-6bbd1c24d226",361292,14
"8cd3a96b-73ed-41f5-af43-53a6b619321f",429197,18
"c3d784ac-edee-4dea-9e8d-ce5ee0ce5ff8",429197,36
"b83cb21a-53cd-494b-aae3-ce04fc51f5b6",429197,35
"0d356704-8246-48e7-b5c6-bd91c08d4e44",553141,27
"e5f779d7-2ce9-4454-ac95-f105050989a0",553141,14
"9582d471-6b88-46b3-930e-ff3ce8cb1663",449985,53
"9122bd43-8cc3-4e52-9040-204cc717ee9d",449985,28
"2726fe78-7d3f-40d7-888c-c507e7129ee6",449985,80
"0c2379d1-bdaa-45f4-9b33-bd989528c308",339380,18
"29105b93-3577-45c9-b23b-16f99040ee88",339380,36
"6bef8125-5735-487e-8f60-13182e55ccf8",500904,53
"c3c8cd65-486d-4236-91bc-7e6fc6775b18",500904,18
"a11b28c8-9a63-4a12-81c6-52c68ac20854",450001,28
"ea497527-2018-4cce-9403-20a439626251",300681,53
"6a84ec65-2b77-4277-9cd6-7922f47742b5",300681,878
"c4138ccd-5707-4ca6-b625-453a73163be4",508763,18
"447c15c8-5e1e-4ae7-aea5-cb78f94ee4de",508763,10751
"dd6b3918-114f-4667-afea-6c284074681a",508763,12
"3a1d21e9-a610-48cb-89ab-5cd24416dd58",527729,16
"c5f99262-888b-488f-b817-d949719c3218",527729,10751
"26cf3cce-bc96-40b7-9043-6ee9b3fbf8d7",527729,35
"568cf1a7-586b-487a-9a6f-161365ee2ba2",527729,12
"bf2a0d62-50ab-43f3-bf88-f465b18e330b",400157,35
"6c63677c-59a1-4b11-9887-0d1fe96f49ca",400157,16
"2846a17c-e51c-4425-8c4f-b84ad95173b0",400157,12
"8e64d9d8-9b1c-4b3e-9951-0624c65594b3",400157,10751
"89a884a0-294d-472b-b28e-96bfbdc3336f",400157,14
"26f762df-bae5-4ab9-a132-100b1350420c",526050,35
"da352757-5c6f-4fae-86c8-bd71b96537be",526050,14
"b26f6888-ea65-456f-9550-1228b5e3f777",399402,28
"568a4f48-cf95-4abf-a301-60a2a4e1ea16",399402,53
"6af529f7-23e2-4bcc-9fe9-c9554b2766ac",429471,53
"1f85a545-4875-4899-97e1-05b8cd31b1c1",429471,878
"770c76fd-b75a-47f9-9f6a-4745747a3111",351044,18
"c4fdaf82-6f67-4ebe-bb5a-b115c8fd94d1",351044,35
"e9caf45a-0081-43e0-8b46-8eecbecf2e80",351044,14
"00d3d0de-52a9-4e48-9734-15f22a78fbeb",500852,53
"02f6375a-16d5-4102-a23d-aa79eb6714a6",500852,28
"74ed188d-a862-47a4-a914-149852a88eeb",500852,18
"47a8854c-2c74-479e-bdd0-075b37d1361e",453755,53
"e53d4adb-afd4-4ab4-8172-1be10363a669",453755,18
"16bf1c31-1c64-4952-94ff-8314c58ebedd",453755,12
"6bf4a8db-218d-410a-ad9d-822334580346",438674,18
"f9fb0dd9-ab1d-44c1-aa41-05d88f91429b",438674,80
"b109599b-c5a7-4330-9338-a742d26a7213",438674,28
"9338ed1f-edea-4146-a107-d713ddfc8606",438674,53
"d395e40a-22cf-4c04-a2e2-a600aa6e5bfe",460539,28
"534894b9-83d8-4f79-9ead-f501d9ed6c7a",460539,35
"77bf6364-3ca6-4af0-b8d0-0cbc63d1ea97",460539,18
"eb173e5c-9f58-478b-86b6-a79dd20aea75",468339,80
"008bfb28-f34a-4e27-8ff8-57e97cd4b259",452832,53
"31450857-43c5-4704-b436-e349f99f4a2a",452832,18
"c9a8e0bd-de8a-47ff-939a-b3a059d7deb8",452832,9648
"f0a748d5-861d-4c33-a6d0-3813982a268e",452832,878
"7657fce3-609b-4759-9f12-39310f76de53",441384,35
"915fbc06-6934-4542-b8b1-868035db103c",517814,18
"61671d86-f405-46b1-aaff-6038c0bcbd78",576393,10749
"25dae539-72e3-47a3-9b0c-70e830ccadd5",576393,35
"a1e4e9c0-eefe-476c-a863-b177ae1e59cd",458594,53
"09f10c1d-5063-493f-b647-9a0c4ff1b72c",458594,28
"e003612b-71d8-4f3c-aa64-7894cd9b4251",458594,18
"53682202-67a8-42d3-b375-2ccd813fec02",470044,80
"58851650-fed4-4440-b43b-239952968120",470044,18
"c54a9f9e-5547-4f35-97f9-306ccf64aee3",548066,878
"8fefedf4-de16-41cd-8e1f-bafb34e43389",548066,53
"27013e53-d3b4-4928-9349-b54f54ddb011",278154,12
"38310bf9-a18e-4689-9d33-ebb980ea48e4",278154,16
"38c2f40e-9fad-45cc-aac2-bb1691ebd752",278154,10751
"e707e4b6-dd8e-4930-82d6-4e05bc17cdd1",278154,35
"ea6b712a-3b7f-47bd-989b-95ed313d9760",491472,18
"75c10d9f-18b5-4861-ac8b-0a47ac8e4451",457136,18
"573bf908-f793-4919-820f-be40db681cba",457136,36
"ebff44f3-70c6-40e8-ab50-7e6f97885136",478820,28
"b4c036bb-125e-4c8c-8027-8928270a52ad",478820,80
"070f4181-08b6-4095-9483-83ef78350946",478820,53
"dcd5d676-a60d-4d22-9aea-06f450ea86d0",478820,36
"31cc0fcb-61a4-4470-a452-966b3a66a45b",478820,12
"e61c4bfe-90e1-44fc-a931-94517152da54",396461,80
"de4a9ccf-d39f-4eda-ab35-514350018577",396461,53
"de316ab3-0d14-4f09-8909-d70a52606242",396461,35
"34d38035-a217-4f01-b489-e3b2252223d2",396461,18
"15ab7d4b-b077-48c4-ad23-113b24d030b3",396461,9648
"db3db6fa-00bb-48d4-ad04-01454a80e0fa",236751,18
"ced7d05b-2cfd-4404-96d3-caef9798c8f3",207932,9648
"ad21b9ca-53a9-4b5b-b2dc-9046d8aaa325",207932,53
"d6e06942-616c-4b6a-aad5-3403317ac2d8",207932,18
"dc77c3da-d9ed-4db2-ace6-f6f4e4dab0c8",416144,53
"ba4353a7-852e-4767-aeae-897c62cfa915",416144,18
"f519b879-4de1-4847-8bd0-5dbe5ce2566d",440298,18
"c268e117-19f8-48d6-b563-ba27d6c3ae17",440298,10749
"c36c6083-2360-4913-a3b8-d9702b725674",440298,10402
"9d09caea-947e-4ce9-8738-26cd6cc38e7e",445629,35
"dedde337-d137-46d1-8f39-e6cfb7276066",445629,18
"56a63314-119a-4075-bbec-6ceed4e16264",498248,12
"c50c3752-c28e-4f77-a093-8151f7f8091d",508802,99
"a92c90c6-1545-419e-a802-d11245b744b9",508802,10751
"2b3b7e09-c1d4-4847-92dc-91fde0a0edb1",34584,18
"49c84e41-a683-487a-a91a-400665983584",34584,10751
"b3e492b5-e934-4cda-8d96-b70c0496ee8e",34584,14
"b5558bbe-8adf-4f40-8357-d83faef3cd1d",34584,12
"62a4762e-179e-448a-a6cf-cd98ce55bc4f",6114,10749
"db2cf05f-984b-4faa-93d9-16bec3efd90d",6114,27
"0bbc4651-d9c9-471c-bec1-d7967c4c3563",492452,18
"b812667f-1b7f-4919-ab7e-fdb7b5bc9412",454652,18
"2fa8e1c3-85e4-41b1-9815-48bb1b54bb68",454652,36
"5a7d4d60-bad3-4205-83d4-608e332c39f2",591,53
"c58f763d-f6a6-432f-824d-34344c344e0e",591,9648
"e48fe399-fde9-4fc1-953e-8399d4f4826d",567733,53
"baf16d7a-de73-4302-948c-9e5f815ec81e",567733,80
"1b7b767d-639d-4dd4-992c-f7a6d3f5e962",567733,18
"4e7f5740-f81d-4968-933f-751df455a5aa",438808,80
"5afb9a24-9ede-4dff-ab0b-547434c87872",438808,18
"78bc8a89-6bde-4626-8e1a-c9bd5ad377b1",465914,18
"23fe43fe-9cac-4b06-b6d0-5b3fb8de11d5",465914,10749
"ac2949d7-05e1-4099-911e-4f1f595e9e81",465914,80
"078ef894-9d06-43be-90ff-0d13ee75b740",398173,18
"926cf659-9dc6-40ab-b822-5773aa2ea51b",398173,27
"b287c7fb-f473-4c91-bf52-42cc54dd94dc",398173,80
"d0993062-9ed0-4a79-8011-fca361ec3ab7",398173,53
"b6c3099d-f687-4e1e-a7d2-27062196b966",505262,16
"66f7bcf2-0aa8-4396-9f47-fbd92fe51898",505262,28
"674b1923-d2a4-47a9-95f3-42565c48b48d",505262,35
"6efcd99b-4224-4357-9013-3f06090e96f5",505262,14
"9308c4c5-70d8-454b-85c7-1945eebda768",505262,12
"6966c4d8-2ed0-442e-855b-20c8901ce336",13448,53
"ace01941-b166-4aa9-9ab1-0a0b499e5a9c",13448,9648
"ebea9a30-cefb-46a0-a65e-f667f7edf32a",394741,35
"1be9a1d0-f861-4d5e-8061-14c3f3b27e9e",394741,18
"39aa41c3-9362-4858-87c2-de95c86118e3",535167,878
"cf968b0f-5cc0-489f-8c3d-cfc8d64e675d",437586,35
"06c22470-984c-4cf2-9c1e-77fe818a3fbc",437586,18
"580ffb53-1282-47c5-bc8d-26e6726b5fe1",483184,80
"87f34252-d65b-4f75-9fda-19c719ab9151",483184,18
"43557e04-5897-403f-abd3-28fb3aeb8d0e",483184,53
"0905eef1-35b6-427a-b2ca-577425f6ff98",517093,18
"c8ff82b7-5661-4d5d-a289-1eba3be21800",517093,28
"a689fa4d-1579-454e-9446-5319da96692c",507076,18
"94d0a8af-e143-4855-ba29-21c9fed71238",507076,10402
"0a6821ff-3c57-4032-b99a-82b291fb57de",507076,27
"899455f4-897f-40a9-958a-4cea3a1114c1",486947,18
"36f28cba-e559-45e4-a02b-9903669fbaab",486947,80
"62e4d65f-5dd4-49a7-add6-ee3bdd866d9e",486947,53
"0335f19b-fd36-4037-a92f-257d9e618bcd",451915,18
"2beebc35-ce70-487a-93d9-693ab46a7562",401200,18
"f178c5c7-8416-40c0-819b-6d50ceb14927",401200,36
"31e79951-b763-4341-ab1e-749cb4a515d5",401200,53
"6b5f7fe7-4659-4fac-a95f-c4ffd0c005be",401200,28
"130191c7-2791-4415-a963-813df24f5fa7",402897,35
"7def7400-c146-4e8c-8357-9aeb56daced1",402897,36
"20593266-3fbf-4b4c-91d6-6f9a04cc943f",515042,99
"9c4114ca-e3e0-4862-80cd-01a5cbfa33f4",451480,10749
"4b06e676-1e10-4fd5-a21e-a7c1801165e3",451480,18
"12b001d1-18fb-4356-b33a-d047d64eee49",451480,36
"aecc59ea-a783-4d46-9c83-08f42c651801",472734,35
"89b2a2a3-688d-495f-b380-cb306fd4d280",472734,18
"3057a6e9-56f2-4e79-912b-6515fe7efd4e",513421,27
"17b9c880-a7a7-45c1-8e67-fd75ed6f5976",513421,53
"1c90312b-f02d-4d6a-a96c-32b315f56335",449459,53
"ac012544-3230-45c9-9366-0fa79fa206b3",449459,18
"c82e9d92-05be-4ce3-8c79-edf65be0820a",449459,9648
"e9cc7ea0-fe91-44b2-b2a2-3c12209af706",502682,35
"d3f20272-c9f2-41a5-a40f-b536a3d84612",502682,10749
"2a709daa-8789-4d1a-8b74-6c4fd39e5a29",502682,18
"0e17159f-56ba-4291-ba2a-c39bee2d0518",458131,18
"9adb68c2-5c53-423e-a145-90fce4230cea",458131,36
"54d81736-338d-47e1-80f1-579699bc578c",417670,18
"64aff490-7927-46e0-8bb0-7ef8f6af32d7",401545,18
"aacd0610-a488-4c93-81db-d2f985369a14",401545,80
"96920290-f36f-4ab2-9e02-e0b978689fd7",401545,9648
"38dacdf4-f138-446f-a18f-0c9c34822223",401545,53
"9d300a46-4ca0-4094-a5cb-34d85c471adf",507411,16
"f64d9274-dfd7-48c3-ac28-31c58aec0764",507411,14
"51c16f3a-226f-4e0a-a743-1081efa22107",283601,18
"4fd933e9-60b7-460f-af91-3dd19fa750b6",283601,53
"9e6b2554-e74d-4c95-8c42-1f90627177fa",283601,28
"dcbb2884-ab57-4248-b09e-8307dc47e453",283601,80
"debb1ee5-c465-4da9-a484-ef3b50a05dfb",475215,16
"56dd9c36-c46b-4242-8dcb-c4b92ad38730",475215,14
"d871c562-6c43-487a-892a-cbd30d66418f",475215,12
"320f4686-6c5b-4603-a687-1bc9b27e6140",475215,10751
"15da9b99-f368-4df5-9c9a-dab58a8ab57a",13597,12
"8f9bf5ef-7c26-427a-b844-e837d75d4d46",13597,10751
"92fc3e79-6285-4cc3-a8b6-f00716b15ee0",13597,14
"5c1ed1c3-14ac-4fc2-955b-b460f2b272c3",479226,80
"e0419c93-eae0-48e5-b595-f0e5eb8e4b95",479226,53
"37845e8e-7dd3-4b3a-8b12-c6be584cb620",479226,9648
"42af9e7c-1aa8-4c3c-8761-c9754aecee9c",475132,18
"b8c92180-20c3-4b56-beec-6b5a54be14c6",475132,10752
"1d406a64-e11e-4017-89da-4443e9604bda",532671,27
"e5c0561b-b047-43a1-8627-f7174b40d39a",532671,53
"681e8359-50c0-43a6-8b08-95a44154c73d",505953,18
"b210fcef-6da7-424f-add5-0c26ef5dba37",505953,10751
"e895b1bc-7371-4ab2-bfb3-7e6b070816f1",556271,18
"54f8a99c-75ab-4d73-aa8a-0d3a494d7c6c",556271,36
"12e61647-0a30-434e-af30-19d7392685d9",556271,10749
"80f57677-3160-4985-9542-9a3ddd50bf2f",451713,18
"763ae125-b520-47f6-aa99-4701be02c6b5",509,10749
"1311f498-302c-4e3b-9697-4555615a60c9",509,35
"3dbc6749-9d89-4531-8040-c0f4d5992ef0",509,18
"8f33831d-ff8c-4555-9eaf-43ed1346dd15",291984,18
"0969d14d-3c26-4a2a-8cc4-0d4e6519c5a8",429202,18
"bc4a7178-9418-4820-987f-95aa205dea65",429202,10402
"436ae30f-9961-4d63-b80b-0385307903cb",426613,18
"e7f1eb21-1cc3-4474-a44c-89348c782e78",470878,18
"221dfe10-487b-423c-b471-3a78740e4b1a",470878,10751
"b33d0fec-e592-4d4f-b0b8-a6063f128b14",470878,10402
"36f66ae7-a1f3-4811-b35c-3b8637eecd6e",429203,35
"6a032cfc-bac5-46d2-a4e8-22dcb867f326",429203,80
"8d1addd9-91dc-4073-b098-da997442a4eb",429203,18
"3cc6bfac-f86e-42a5-b171-06d79943e53c",451918,18
"3ba6b529-c445-4aac-a9b9-487b68938886",451918,53
"04aee1b7-71be-4cf9-91d8-ab176af9facd",520360,80
"b3e2877d-ab49-4dec-904f-874364bda234",520360,18
"124a4695-2938-4acd-a18b-18126fa2aeb4",476764,18
"07774936-d719-41c2-8be1-41734fb95411",476764,36
"aa8e895c-7a2e-41b5-a08e-d9bacc7d3a4e",297725,35
"26fd67f1-ba85-41cf-98be-0fbb7e6125b3",297725,14
"37b48052-8b37-42c0-9311-389325c44e03",544431,9648
"6c11c9a5-d619-47c6-b9a9-a89e1391f243",544431,27
"736d95b4-8bcc-4236-9f22-1cff7eeb5aa6",544431,53
"3dbca15b-95d9-4c9b-bf9c-4e5f78edac19",517331,53
"e8092b91-b721-43cb-8fc5-6c6d4a992ca6",517331,9648
"33ff7747-8636-45fd-b4b0-cef0c2066bae",517331,18
"de40ab8e-3283-449d-85f1-60e10af753e8",471506,53
"99775139-4265-4771-9e46-2e03e02e8241",471506,18
"8cdab3a0-599c-48b0-a582-04ba6bebbd38",471506,27
"4e6642d4-a99a-4e48-819e-ecc90127b80b",471506,9648
"b1357ab1-ca67-419f-80b1-60befa82acae",472451,18
"d09fdf7f-e3a0-4318-ac13-d82933272f0b",512412,80
"a32c6b00-d53f-4218-9a2b-6262abfbe242",512412,18
"967460b7-ab8b-4741-9576-8700a0a0c848",440918,10402
"f8c7eaa0-fcbb-407d-9f89-70adf96871c0",440918,18
"4114f77d-cae7-4734-9a36-e69c76a52058",412157,53
"8246c233-08f8-459d-837c-ecdd69009bd9",412157,9648
"affe795a-0fd8-4d55-b20e-01ef3e3baaa0",11906,27
"8d537c1c-f653-4ded-a201-c633d38dba36",517839,53
"350345ce-4739-4c44-9a86-2264c0bd4c1d",517839,14
"2930f669-1450-4cd2-92b2-d93b60f714ef",517839,10749
"b327cd42-ed94-4ec4-9672-e799e56a21c2",517839,878
"e489b364-ea24-4aff-a1a7-c24076729f25",517839,18
"0290c610-0472-4ebd-a031-b24b72f93a4f",407439,18
"2ef516c3-c390-4413-b0a0-d3b54685396f",407439,36
"5b5b8f55-99ca-4aca-b23c-dc1dcbbd845f",454699,16
"9daad43b-2cf3-42c9-b12f-7ea20150ba6f",454699,10751
"6bd2799e-e2cb-40b9-80ad-fb2d27de1f74",454699,14
"a4c9b386-cf99-4a25-9059-c17186d7e922",454699,27
"7eb18afa-da11-4c3d-8679-a5b87511977e",454699,35
"9a42456c-0450-4534-ba56-c65dbb341c23",470894,53
"c968b11e-6411-4d4f-a3d3-3cd4e3a4b0e6",470894,878
"e4acbe56-65fb-47c0-b635-27c8bc9aa0e2",470894,18
"3f53b08f-05c0-4141-babf-fe3c557b8347",543033,16
"d2d95c4c-f3bf-4f79-bfd8-c66d168c8c54",543033,28
"82952f18-ad3d-49b1-a7ca-b8112cef0c8c",543033,53
"4ba545d5-8a3b-408b-93af-07962b034482",543033,80
"ed9f2fcf-6780-40a7-b5a3-6aca0d8726f2",417812,18
"b651101e-7bf2-4717-aea2-1c6b6f18b2ff",463858,35
"58cabe46-97f4-4d99-8e3a-f8ee85105d80",463858,18
"de84c28e-aeb2-4b19-a9b7-aad0b56fef4f",520679,18
"82a15e15-bb92-4480-88b8-c22e45b04663",520679,10402
"141528f5-6d88-4fd7-9415-310f79145fc5",489927,18
"ba6e7b94-d3d5-4c7d-9c4e-f376c6d87644",483983,53
"9585565d-a147-40b1-a2db-2250c38f4538",483983,36
"3320eeba-ccea-45d0-861e-246f38b6d3a9",483983,18
"bab095a0-5cc0-4dd2-b265-4617abf4eee1",427033,18
"689481e0-a183-4793-8cd3-05223168b37c",340674,80
"31f67c42-deed-4cc2-a74f-49122897d812",340674,53
"59d38127-1ec9-4fa6-9bf4-fd16511215ff",340674,18
"481291af-b37a-4ee4-885f-957e502dfefa",514619,35
"efc0c826-3588-40d2-be36-1473838e39b2",514619,18
"8ba59a4a-f12b-493f-bfaf-c10c512864c9",514619,10749
"7eb67dc2-3b14-4904-8f07-2fa2fcf4f9ae",484437,27
"53cd9f5c-77ee-4cff-8107-3c438f30aab1",420426,28
"74d96e70-957d-49e7-b22c-f94207fdfff0",420426,14
"3b680dd9-958c-4cb3-aef7-4e490b0541db",420426,12
"a5e36293-3cf1-48ec-8be7-5f20a5f5766a",423612,36
"c723c8b6-68cb-4413-bee8-798e5fdd440f",423612,18
"18a53b30-c395-49de-a0ea-3bb3ce6925da",423612,53
"93b8246e-9583-4280-8d20-e2c3f36ad831",472226,35
"65b786fa-8b1d-4dba-b85f-12c37bd37ee1",472226,27
"65024fc4-bec1-4c99-9c88-981c9fcb7c74",432616,18
"e6521bd4-4a9d-4e8c-868e-ee16f45f8e91",432616,10749
"db090091-7753-4a89-a3f3-1aea60ebf4a9",429174,18
"80d6ec66-a75f-4f00-9d26-d43843a27b7e",512092,35
"4b3f04a9-ee0f-4818-9c30-68192a864958",512092,18
"d705462f-5dca-40fc-9944-0d3aeb494ec2",481432,18
"83ff83e4-1553-45b5-8aeb-ca20d6c6495d",494974,53
"f90a9098-8464-46af-bffe-973007e64f04",494974,18
"506126b9-1547-4b01-844f-04de0b87f50f",450487,53
"e66277db-8203-45a2-9a9d-148deadc1ab5",450487,18
"7295aa75-8978-477c-813f-edc217723eb3",450487,878
"4b609c71-8699-47f7-b588-0ad9735a65da",514575,18
"f4b9721e-0c0b-477d-9585-7c8b981da5bf",514575,80
"0480092f-8411-4364-b870-6d11e1759a53",514575,36
"771f00c1-1f8b-4f79-be9f-cf8c874bb3c3",507505,80
"650f4de6-8da5-4c8b-a6aa-5d3ffd1cee87",507505,18
"72a49410-8b15-4eff-b829-0bb4c1d0f430",581361,80
"c5cbaed2-dfb2-465b-8bd3-a26265a1f80f",581361,18
"429458df-5ba6-4ed7-aa85-8f450fa5421a",581361,9648
"1981f08b-5dc2-4ef3-a9cb-2c0e59bde303",581361,53
"3c484363-e346-4776-bb1e-666037f449c0",354279,35
"063e8654-9e0c-4c76-8c62-06c5f8215273",354279,10402
"fc70dcbe-372b-486c-adba-823a73b11f1a",354279,10751
"f3133acc-c793-4563-9665-598d9aacf591",354279,16
"6b7c3a92-7489-4b25-850e-b22c92fa5fe3",515916,18
"f066442b-295a-46b3-9d22-1f91a41efcf3",565719,99
"538d13ab-d12f-4bfb-9f29-65a777a6e8a1",519106,35
"792a5607-701f-4b5a-b0b6-9f348c7b7188",479869,10402
"94e16d1c-4653-4bc7-9a0a-7885bb78ccbb",479869,18
"57b1781c-8241-4fac-8ffb-b88e82d9ac49",459616,35
"2cd092b7-71cf-4048-9f8a-2349275c6e61",501633,35
"5d9ea2cb-627a-46a0-a989-06e48dfd48c6",493099,99
"0e20d324-e0fa-4407-9e01-9e44e6bbdb5b",509364,18
"20b9fce3-2957-4310-8eb9-2cf4751f4af5",471856,35
"81ba896a-10c5-4115-a264-268bea628fc1",456929,18
"260ff4c2-7491-4416-b074-10de3cd9b8a3",456929,35
"b7b69d54-a7e3-4864-ad3b-055cd96a859c",543580,99
"2a3ff8c5-2be8-4da5-8fcf-3199e8abc63e",543580,36
"ee129e6c-8a6f-48c3-ba08-0803ed9093e1",543580,10752
"f5474ae3-094a-47db-9516-ee1daeab7997",574353,99
"afe8d634-e774-44f0-82e3-d8ff3ec50da4",463322,27
"0a1e8a08-353e-45de-bb52-881502222396",463322,18
"f1d37f17-384f-497b-a017-2cc5ce8fe216",463322,14
"d4c966c9-dc2a-4ee4-8080-d24a3052e80e",433502,18
"8e1d6e3c-f229-4ab0-8779-d95a3e504bb9",433502,10749
"ad0d22be-8714-4ee9-b4ad-a1006eb56ced",433502,10752
"eaa5557c-09ce-414b-8af4-07d7201b7e7f",502422,18
"85aadfb7-8b40-462c-869e-8da5f7f4de23",502422,35
"33642c20-6958-4feb-9cc1-d1b7d3a02d80",452397,10402
"65ff9b0a-8c49-440a-9654-201b5ffc4f35",539050,18
"078184e5-12b1-43b1-8e93-c8e5e2b84fe6",441393,80
"ed8835f8-55fc-48cc-9b99-5a61649ab80c",441393,10749
"7dcde434-e318-4f10-a6d4-b24b91788c47",441393,18
"b777d79e-00d3-4f61-9688-fbef79fddd8c",469274,12
"46a8ddd8-614d-497a-ac46-dcd3af0bbe92",469274,35
"4352a37f-96c5-4e5d-b3ad-eb3dd3fb6a76",463319,28
"a8718d97-7b22-498e-b38c-2528916a8d9a",463319,18
"ff6650fb-4c13-43bb-8716-d2bc8ae1e223",427214,35
"c1430ecb-e109-4099-b8b5-39e59c8f3f23",427214,18
"2601767d-6741-4069-8e37-f3122548515b",427214,36
"c09febd3-17ae-42b3-a823-fed90415836a",554577,80
"fc0f4a11-394d-4ca3-9842-8b7a98f74789",356199,99
"44649186-e8fe-4497-81ff-e99a954610e5",356199,10402
"1b9f47d4-edcb-439b-abf5-1b67fcacb74c",585830,27
"4c3ad5d1-74f4-4e40-b50f-5328462fad18",585830,53
"35e40ac2-7552-4cec-aebe-435b0297f439",489985,99
"1209b4eb-fe3b-4295-8090-9f40e355c4a6",519255,18
"26c6d414-0309-498e-83c7-aecfcaeaf936",519255,10402
"f726b93f-68cc-46ef-bdf5-3e946054f3e2",519255,10749
"5bd7cef3-bf04-4e7a-8d93-519159df12d8",519255,53
"e09e0b30-2fe5-4e93-96f1-d0be53769510",488397,10751
"e15b40e7-5f79-4757-9c31-babf3089c63b",488397,16
"405a17c2-cfb6-4ce7-9212-0ec169f47a7b",488397,12
"96729b76-73fb-4407-a163-f7cd5d227a24",488397,35
"58a97571-c19a-4f62-b3c0-adfaf2eb6f34",570131,35
"5e87a72f-79a2-489c-86dc-2cc0cdfc1db3",426249,18
"73bb0dcf-dbc6-4cb9-a560-55e45f82c236",426249,27
"066cae1c-bb7a-4d14-bb4f-a14d1bddf868",426249,53
"a5715e75-9477-4b96-9608-bad6bb716221",426249,35
"e50e2122-f252-4355-adfd-5f89db11ef0d",503314,28
"7d6cd8a8-359d-4808-8c1d-123058b30a41",503314,16
"7a7fc887-367a-45ef-a9a0-425c7be5c770",503314,14
"3768cb93-d9bf-4463-943f-df703dbc3eab",503314,12
"5c9ed78c-41a1-4274-9d91-61cb485b84aa",503314,35
"ad103ec4-cabf-484a-a258-4da7cf9b859e",503314,878
"48b9a261-f646-4ce3-a9a5-3589ae40f208",489243,18
"d2699bc6-693e-48b5-9902-bf7ae0510dde",399440,36
"6d1ba7ff-1b89-4211-832a-d0d183eae3ca",399440,18
"120cf38b-f35f-4541-8aa1-6789538bc5a9",16646,18
"2d6bb260-ef16-4ae4-8783-a4e2455b6ef1",16646,14
"8472b95c-afdd-4152-95ef-a18566b85189",16646,36
"cdc23be2-aad3-4dd3-a7a1-0b645f5ab0d5",16646,9648
"0f1dd285-97a1-4e62-a503-f7bd5a958556",485189,18
"1ff27439-d387-4928-9168-1f291706025c",517987,18
"45103cbb-e9ef-48df-93bb-fb7876e7e9d4",517987,10749
"0c64b3e6-680b-49bc-ab53-b61a3306d937",492994,99
"87a6671e-c1c2-4bfe-baf2-6973e6ae668b",502147,18
"34e5ae30-f63a-482d-adb6-bceccf096356",502147,36
"be4aff13-9bf1-4ecc-8b6c-0418312b3f95",502147,35
"67a0444d-2d1f-4d29-b15d-860aeecc8c31",502406,27
"7ae3ff91-b757-4d89-ab59-5d18a3b122c9",348657,53
"53b3204e-4a71-422a-95ad-fb147522bba1",348657,18
"3cb1f0d2-4b7f-4fa1-8637-5962ffefe300",537526,9648
"e83265e1-3276-45ba-b20e-db0bd709a9b1",537526,18
"6c02d7fe-7b02-4ccf-b9da-fdb6acd02943",537526,53
"1d3e785d-9489-49aa-ae59-711e9cc810d3",331986,18
"667b8479-a0c5-466e-afa1-530b787acf74",561032,99
"18f8bf55-1944-4c34-a83b-a267cbb2d51d",498743,18
"e214aa02-a3e8-43f0-883a-833d32b4689f",498743,28
"c115f3f5-dd77-48c7-a886-97ce7182a60b",498743,53
"35b3a626-2f1f-49aa-bfad-dbb607ba28e9",498743,37
"3e811fe7-7add-494c-b6e6-61345caec220",584562,18
"3008c57a-29a5-4d3f-8f22-4718551da8b2",584562,35
"54212d91-bd52-4228-af6c-47cd1f4a34d4",489170,18
"61daf83d-c509-4daf-bf54-84ff9aed4013",595172,16
"3898f12d-471e-476e-bbf4-c1ff72f69c9b",595172,12
"23d605b3-d24a-4055-b00a-1d5293a1836f",433499,10749
"fe8d82a1-86d5-4f41-98c4-5b7986918df8",433499,80
"5d6d9a5d-c6cf-455f-b9da-c3d60ff99ea7",471853,18
"921195ed-dcae-48e3-8730-b119aed28f1e",509733,16
"b3b8f7d1-9f23-41a4-a166-f11939212aa2",509733,12
"7600ecef-d481-4f16-a268-d214aedd60ee",509733,35
"80e02737-939b-4354-b831-3f41d1c41979",541768,28
"81ef3ab7-ddbc-4d09-ba74-fd06bd1f53ae",541768,53
"ef269d4b-13e1-48e4-9435-ce47e58a2379",541768,80
"db763b15-f979-4ee8-b4a8-486d7ea7d247",11832,35
"01758662-dd28-4175-958c-6c619a1f1c2c",11832,18
"cb34602f-d367-49d1-b0c0-ff08da91696b",544392,18
"d80ae33f-f2ea-4511-b5ed-ec543ac59f94",302349,28
"bee9c8a0-6414-4713-a67a-9324875b89d0",302349,35
"865ce346-10d4-458b-8d7e-0895b9da599f",302349,14
"ac8af5e9-4949-4d77-a0d9-f30e357024db",302349,878
"b6a46086-8b09-42c1-a60b-3a76e3948229",518736,18
"989ce542-f6be-4101-af19-d6afd9f7fa3a",513302,16
"91cdd1ef-1209-47e1-b15b-49b5ac6ad1a9",513302,12
"67340191-837e-45cc-a41e-de26bd1e2e58",513302,10751
"e0c491fb-c636-4760-b133-ea0137f62dfd",518496,18
"8b73feeb-5e4e-4252-8b01-77e7b5c1a6d9",566454,18
"2fe9b436-dfbf-420c-9c18-8df3e6a66b92",587367,16
"a912ba6b-5d0b-4ac1-8701-32b7f02fa8ce",587367,35
"a84ae6e8-cdd0-438c-a7f8-45050e4fbc02",551027,18
"20d25f18-03ac-4539-8dd4-2c0514a591ae",484901,18
"4bfdb0e8-adae-40a4-9a60-7a88aef67fab",555799,99
"5d70e654-1201-4e62-8d21-be7bb4a0e4c4",500268,35
"19e56f35-d3d4-4584-a3d0-c21f1450edf1",500268,18
"e9724506-60af-41bd-8dc0-22e70717f4d5",500268,10749
"d5e44819-0ce3-47c2-ac2b-bc70cb607671",494603,10751
"cf912f86-83b7-4b8c-934f-7c037e5c6d66",494603,16
"b39d184d-ef34-46db-a3a7-e52a5715275c",494603,35
"6ab3bc9e-7d20-4c64-9d54-1d6a897e505d",482981,10402
"7b64ed23-0be9-486a-a0e8-690d6d51cd4e",482981,35
"7d498bae-f768-40db-bffd-479344dabb3a",482981,18
"c6c26483-fcde-4706-8516-d03fb06bd09e",485166,18
"3fc41f51-7c79-4843-984e-9646d80b866a",549559,99
"16577d31-81e3-4e9b-b0e0-9ee6707be77c",549559,36
"0d2a1c74-c955-4f7b-9ced-405652d7ffe1",547539,35
"1fda992d-a657-4d61-b2de-16d4052e66d8",547539,18
"5c909257-d8d4-403b-896a-2c5ac237bb7f",437626,18
"1f089018-3ea1-43cb-a2d2-928457d2a9cf",437626,80
"66130608-4088-4205-8413-1b57b6ec50d7",537681,18
"6cf5c4cc-4327-4d1e-bf97-f4129c1e7981",544510,18
"c199cff2-d361-4c1e-84a6-05116578eb09",544510,36
"1e7c9be0-b7e9-4bc7-8351-069e35d76dc4",544510,35
"67e57d5f-4e72-4419-8c34-4d35dabea627",505423,27
"af5ab7ad-b18a-4684-bcb7-293a510c061a",505423,18
"817d3a9f-0790-4116-9d32-8dc87f6cc788",505423,9648
"47b6e43a-4d85-4e03-99fd-b94d2874410d",553030,18
"e6ccac81-8fd3-448c-9054-cd5ea0f92ecc",495671,18
"917f0503-4850-4d07-84a2-10359d883a47",495671,35
"be1af1d3-40b2-4d3d-a6d4-a357614ac2ff",508003,99
"002f7afc-9eef-411a-b2eb-e3c566039446",519121,18
"5bce4457-75b1-4c92-8f47-3b20f6fbf42d",454161,80
"c58f7caf-df81-40c3-814e-667004cd5854",477887,18
"c02582a5-bebf-44ef-ba86-e9bb5fb5f2c9",562289,35
"6804208b-e50f-4333-92f7-511c6c928271",500853,18
"bfc13e78-95a7-4756-8037-fa9dbe9df835",564145,16
"a7502f85-8c42-4d5d-9e3b-c07913ee475c",564145,12
"d6edf4e5-58d9-4176-a6c0-3fb2ae6ce039",564145,35
"20c4781f-0519-4cc4-beb2-2a3eac9eead6",564145,10751
"e07eb90e-33ef-4c8d-a6fb-5048ab5b9e8c",564145,14
"d34d41b9-a1e5-4caf-98ab-f292e321119f",537632,99
"6d3b85b0-7277-4ab3-b445-5b985c2f4a24",569104,28
"c6ae591f-efbb-4507-a345-a73c1ab683f3",569104,35
"a072c223-5359-4f82-815b-cd61e92761ac",569104,10751
"a3497b8e-ada2-4ca3-a5e7-e534bc3718ff",569104,53
"b7af28b4-fd5b-4a4a-97ed-8178214c8679",401686,18
"c6378c1c-f206-497f-86d0-eac3d2f4a1ba",512865,18
"f4270b65-dce7-428c-976d-687b3ec9dc00",499086,18
"237d3a60-fc61-4106-b077-020b8a2514f4",537707,16
"e17ffc9e-f064-4d67-a3d5-903f297adda1",537707,18
"cfec3f68-f323-49b9-8495-d82ba6aad3c6",518749,18
"2ff0a2db-230d-4cc3-8cb7-be544f315458",541660,18
"8428c970-c12d-403c-8dbd-63100c7a1070",491473,18
"7bd6118c-b19d-4738-8a1c-08cc9630b325",491473,10749
"56c8e4af-3bbb-49ee-91c4-93ebab8909fe",519465,18
"a840d78f-4b23-4e03-89ca-98eeb1bc1c58",8844,12
"f0e2f90f-7a23-4914-9de2-5a719d5ff337",8844,14
"bc480af3-646e-4dd6-bed6-7a4d31d6ff50",8844,10751
"aad99e65-bba7-49ab-9f3b-97425f83001c",378107,16
"665a3599-5fcd-4a29-9029-223d94d59859",378107,99
"337a6943-7abc-4d94-8b82-29e9e2b9096b",378107,36
"19067a6a-c359-45e8-880d-5047c1966c3e",491317,18
"56ce979f-9e2a-4e66-bc61-31a42ea7ec21",535692,35
"149a3ec0-0b0b-4c0c-976f-8bfe8b5fef47",519185,18
"acec194b-5b03-42fb-b067-1a0a6721f76b",4267,10749
"004962ea-9ee8-4365-92ab-acd39abe11d2",4267,35
"d556d5da-c1f1-416d-809d-e3e074f620e3",4267,18
"090919c7-67f8-47f1-bdf9-e5ca6f5a728b",510034,18
"81e8ca72-9667-4fc2-9708-feff392d58d9",514577,18
"40df58a4-198f-4530-99eb-bd9f228044ec",499161,99
"6eb4b23f-0215-48d2-9b2e-f95aa50a4c18",521934,27
"a4ee2788-808b-43d2-afd2-ce9d6f5e0230",521934,18
"38b54703-3752-45ef-b412-c12202a6b1b4",567646,35
"d31afecc-83bb-43bc-a49e-9cab5e2f5331",567646,9648
"9b8e155f-efc3-4c5f-b9e2-550f43b0b31b",583733,18
"181df665-470b-40df-80a0-5fc4d40f37e1",541576,99
"6b29d521-5ed3-4f07-ac5f-868a359061fe",493900,18
"344cf5e0-2df1-4fbe-840f-24243efe965f",493900,10749
"922f3fdc-b682-4227-919b-e7010eef015e",493900,35
"8d3d4a33-aa25-40b7-8260-d61d53463f6c",475930,18
"ce082d71-0f26-4b57-9b52-463ffc0608c6",475930,53
"71ed33eb-740e-4453-805a-f6778e239939",475930,27
"dfb8c0de-613d-498e-83b8-d4594e6e5085",322520,99
"462ae219-08a0-4655-aa97-f0194dcf5157",560964,28
"b09f42e2-d68d-4536-8333-d7eb4be7dfcd",560964,12
"96a290c5-2ad8-4823-be76-74ea68fc2b51",432011,53
"8a59fae0-8c5d-4d17-af23-07945f029e33",432011,18
"d7f11c0d-3ac6-423b-a5b6-9242b5c3c11e",515929,18
"f2f919ba-20da-402c-b2ae-17c6f9f4021b",500860,18
"bf8d2917-3635-49de-8a92-de399ba626c6",592898,18
"eea57782-0b7b-4e7e-b483-89aac0bd692e",571078,80
"7caa8a0e-c46d-4a85-ae31-667b68f3d651",504592,18
"2cc6c7ad-81f1-43b2-8e47-bd4ea2464a7c",504592,878
"9911c9f2-e68b-4d4b-bc6c-01f3ce8c95c4",510689,80
"65128ce8-d018-4230-8b1e-f8389fa87868",510689,27
"c0807a6e-d25c-44d9-bcfc-6e79e6017c81",510689,53
"d9bae9ce-ab72-486b-b693-3fbf85f76eeb",479520,18
"9d2f91ca-cb27-45fa-869f-d7d53382db39",490000,18
"1f36b3fe-61d7-439a-8420-7a813c306eb0",519473,9648
"56698210-c8ba-401d-9ad3-267a4e17d413",519473,80
"3d0ed732-b4e1-4059-9e09-54551c4aa5b9",519473,35
"708fbf09-c0fd-4b55-aa2e-6db74d26976b",519473,10751
"90a2756f-8e73-4528-a712-6a61edc275e0",571632,18
"bb08a3e9-6520-4504-a4f7-0fefa1b90fc0",504253,18
"a64a3fb1-a4eb-4dbb-aeb7-072eb5b65019",504253,16
"842f955f-01c6-42b5-9b48-3d967d3747e3",504253,10749
"514c096f-b97e-4259-80c0-fb35b5247d28",552709,53
"fd542545-131b-49a9-9615-9a5719a56ffe",552709,9648
"2dd82c2c-ec15-445e-afaa-2d6e30b07400",552709,18
"9a945261-6f0b-4f09-b7c1-2aaef5b96ce2",517731,18
"86f44da8-2ece-418f-a8a5-0965eaa17652",464566,18
"f9b4f403-8a58-463f-9fde-8f7bd5a13908",464566,36
"0267845c-f8ff-4683-b02b-d61733ec6349",464566,80
"78e69c50-a011-4340-a415-79649a2a3e14",464566,12
"b9460b18-7674-4fc1-8c96-28cc1e9b5dd7",464566,9648
"2da1501d-138e-4211-8ad0-3289e9e257dd",464566,53
"6ca69d5b-8275-4bf1-8280-5043f6ab61c0",514684,35
"a6833364-ac31-4213-948f-da6a804a76d8",559713,35
"c8521f5d-e52d-4c56-9aca-5b994ffa0ac0",559713,18
"6e6296cd-786f-4508-85d4-5beda585d8bb",559713,10402
"5244b5c1-06bb-446c-8eff-83a2fafbbeea",464561,18
"b5849b12-8892-40b2-9c35-5a538935861a",464561,80
"3a126e79-1330-4adf-82c3-c22d2b85517a",561318,99
"d92e0149-7e8e-4902-ae17-adea730d53a6",565373,18
"5b8ff554-8c71-459b-9719-e7ea8ab58014",565373,27
"b6beb901-026f-49b8-8fe7-b625d516e506",596034,18
"3d039efa-3a15-45c4-ad20-bbf0384ef2a4",484428,18
"fb4b72cf-b550-4781-ad07-82b0868c1944",584166,35
"4b346864-e6df-4e0a-be96-4fc072919bce",584166,18
"6b07a595-5820-4b5b-8ede-167c5632da04",498448,28
"0cfaf1ba-03a9-4dda-a8a7-0f057a9aaa95",498448,18
"39e71137-c531-4fc6-95ce-154bb5f9d794",498448,36
"37bd73f7-cfb2-4289-95d0-dc1a9c2c1e4e",498517,18
"e8b3a9d7-7175-479a-9aa8-4c80261e7a56",512788,16
"fc51fd6c-af3d-4717-9a38-d6d04e948252",512788,10749
"06ae91fe-82a7-4b96-97a6-641d011fd329",500824,18
"1725e9e4-71d2-4a65-bc17-840888b4fec4",482936,53
"4a2a8c67-58ae-4a26-b089-a5ddd843169b",482936,18
"1a4a05bb-f139-4979-b220-0d680081a746",418726,35
"28214da0-0324-4370-b069-6ee2586f021f",362058,10751
"5cb4e0cf-511a-499b-bdf6-99ac77ee9475",362058,16
"75b9d436-db31-41b9-ad43-860f87ebd831",362058,14
"22267e63-8d48-4ee3-840c-c1f9d309a3af",362058,35
"80105acf-4fc8-4edf-9d79-c20916eaea08",493483,18
"1c1df39c-4ed5-4bdc-ba43-e3945ef7c8a1",515353,16
"3486bb00-b2ed-4a27-83e3-b6c9edcceefc",509904,99
"a333e012-8e8f-4a21-bd2f-c5ae07c4dd1c",41245,18
"5b52fd76-30de-460a-b9c8-4703ecc4107c",592545,10749
"1167a073-fa5e-47c7-b58d-f32fc761145a",592545,53
"b5f8607e-8308-4e45-b8ac-a5bd2c014254",568908,35
"faed1ded-7426-4a91-b8d2-0142d4a5cc26",572696,53
"0088a832-d575-471e-8b4d-4b26286b542b",541578,99
"40835044-4430-4403-a632-f6b81cbf9a17",528162,18
"67feeea2-089f-4c7d-9380-cfe06e69e3e8",537755,80
"4dab6454-eb6e-424f-ba85-c00ef978f654",537755,9648
"b7ee4765-7910-4e8f-aea3-de00cfa6bd0f",349067,14
"ed57bec7-32aa-4fc5-bef6-f909155d51b0",349067,27
"22da72e5-465c-4f0c-8ee8-c8af54170e6e",518495,35
"60390cf2-a424-4bc3-a124-316b5de1b8ad",518495,878
"12214dd7-b6e8-467c-bff6-e38934556eb2",518495,18
"99ac1127-a478-45a0-99d1-5ac7766dc87b",518495,14
"280fd8c7-5265-48da-8da5-2a83b7041b04",584134,27
"1a186cde-1c3b-453f-9ff8-8b0931d370fe",537651,18
"859aabf4-ac76-459a-be1c-32544d6b2e85",595852,28
"1ab9f751-afff-4236-bd39-abaf21455fea",519010,18
"e9ad199d-9c4c-4ed1-a5bd-f3bd1bfe00a3",570973,99
"00bef526-dbad-4bd7-ba03-15289aee9402",501590,18
"7e9543dd-b30e-4cf9-8b8f-22a3e2d3aa21",529784,35
"6cc28b07-1272-4d58-b6c0-0b2d71111f10",529784,18
"eab9bbf0-c235-4e55-a2a1-f650460f2a72",537878,18
"a514e92f-1152-4708-9f91-06b47415c061",593947,10749
"515cae5e-b1f9-401f-8a42-eaf25245891a",593947,18
"d5c88d99-f157-4761-98f8-94f648ed3996",545836,18
"786ee93e-8324-4de2-bad8-66fe2c820581",545836,36
"0a4ccabc-8756-44a0-8080-04b4533ed625",520922,18
"7911e116-9ca6-4aeb-a803-8c37ffe6313b",514586,18
"34cd14e1-3d5e-47fb-adad-c0599c395f85",514586,10749
"61f06ab9-f5ac-4048-9e79-97a4e6f1f6bd",543878,16
"3229da68-3cfd-42d1-ba7d-6548f2f0b2b1",543878,10751
"f3ff30e9-a111-4100-9919-a8b7dc6d15f6",537531,99
"b83698d9-faf5-42fc-8c0d-1b174811d8c0",471858,18
"ad84138d-3977-427b-98e3-38bca49a0821",542269,18
"91e2699e-c179-4ef5-b8da-f6148865f7ac",542269,53
"b3a71c36-53b7-4ac0-b763-57a9a800fe1e",482710,18
"7b295cee-c0aa-431d-8b2d-60852c314e61",545567,10749
"d5f7fe5a-3842-47b8-95f9-26c37abb5e11",545567,35
"5b7b0782-441e-4106-9c7b-d284f7290bc4",545567,18
"497a48d3-46c7-4961-a955-728e9d02b31a",399056,18
"72ad95b9-8cc6-4a8d-83b0-dfe436e3713d",399056,53
"e9535a7c-e0e4-4e3b-b0dd-338ed8431ac9",584030,80
"e6307074-e5d6-4447-991d-aae05f026da1",584030,18
"29ea2559-82c7-4938-b890-4f6d5c38c789",535421,18
"78e93ed6-c664-4c6e-aa3c-75828ff7372e",518747,16
"8a0088a8-6edc-4766-89ee-44e748faa695",567410,18
"04ac9632-6fac-4634-846c-20175f5cf494",485359,36
"5ca1f410-04ca-47c1-8ed0-747ad9c69ae0",485359,18
"2718017f-d09c-406e-82a9-f5726c6a5cd2",596085,80
"897666bd-ad72-4e16-976e-8a3fb17187bb",596085,35
"e1a45374-69f5-4bfc-84a9-bb886833e34f",596085,10749
"1b60d203-d063-45f4-8bcf-f71d7ad027db",596196,99
"46fdf7de-b792-4c2e-8b79-f99c7af36943",539451,99
"c4ecd8b5-1fa3-47f5-943f-88222ff8e92b",424344,35
"fa76c21b-8e03-46dc-885d-a7f310afb728",424344,18
"00c7aea2-8e17-402d-95e9-79bff874a541",575815,18
"f46202ec-8fba-47c5-9653-7b90d1dfb90e",543786,18
"399d8555-a77e-48d3-a4bc-99beeb8b52bf",514570,16
"02978bc5-821e-49a3-b780-edf687f23789",514570,18
"d1e4472e-31f9-43a4-b79a-d4b64d714be7",500458,80
"9dd2f9f5-f576-49ec-8758-3b098c3ce007",500458,18
"b3cfeb46-6c2b-4061-aad8-dfae6bc717c1",571610,18
"2dc53f79-e439-43de-801c-39ace9c2bfde",571610,10749
"e5366b43-c5f8-46f7-a059-e27f1b2a5460",458252,16
"15053227-eb35-4dc1-b1a8-77028cf583d3",458252,35
"c71bc3df-cfab-4b62-8ab3-91bc3a890544",414030,18
"78664ea0-d354-4cc1-83a4-8f3ac790225d",593943,10749
"07567e0b-c933-4fdc-a800-35f55824e738",593943,35
"13e055f0-7358-438f-8af2-bfa2e1b67365",490447,53
"d2aed015-eec0-42fc-89ae-515be34d2ecd",490447,18
"2cc02e88-d037-4930-a769-7568f6b4678d",361142,10751
"15956ec0-6d9f-483a-9d61-330b0d017486",361142,12
"595b8c21-26f0-4c73-b57d-3709bfa64e21",361142,18
"3bd2ceab-831c-48b6-97e3-23e5e9ae083f",576026,35
"d0111d78-6358-4d7c-8025-2b3386111d92",576026,14
"af4a149f-5714-42fa-95df-5e50279093c7",576026,10751
"5d66976c-0892-4358-9a56-1890ea1114d9",587270,18
"03def544-b92d-412d-a4f5-967514298ec1",596369,18
"f1d7b54f-c179-4745-b448-786a0646128b",560705,18
"bae0bcba-32bf-42bd-90d9-63d869cdc8e9",591446,12
"dcf1366d-decb-4e3d-a4fd-3d13fcab5a01",591446,28
"3eaeb45b-4ef5-4250-8c4f-45a1b3fa9dc4",591446,14
"ebfe6010-4966-4c4a-bb0c-af361ca65f65",591446,10749
"8959814b-9aa8-4638-8755-7252f296ac5b",567044,18
"2e993a62-6e64-417b-b79a-6aab2adcea62",567044,10749
"14d6ff65-580a-4d1a-8936-1ace772b2076",567044,10402
"c5348eaa-6de1-4c73-aa78-8ae6ea5795eb",499925,53
"19bf5490-743b-4c39-b4f9-c9f73db1177e",548638,18
"df4caea2-47cc-4692-b841-e9e1d45376e2",570269,16
"9dd33f5d-9615-40c6-96f6-a2f18f025d02",570269,28
"02267a15-72fd-419b-96dd-ed985c500b62",570269,14
"2133d380-9d33-490b-ac8d-0b6f2023e38b",503257,99
"0ec886f7-4518-427f-a9e6-42d08817b2ea",503761,99
"f08dd069-a541-4835-acc5-922325e706f7",477871,18
"cd3b72ae-2e34-412c-a7ab-e929bc4a0e9c",477871,80
"35e28693-3575-4c8e-bc6b-45a988b7b813",509730,16
"d8b0f766-f0ed-4623-be49-df188585848e",509730,35
"5353fcda-690a-4437-bb77-963d02eb9d92",509730,10751
"ce6cb804-6d8b-4bc9-b1bd-97a4b7fbc52a",498062,10749
"e609d56f-db06-4aa7-8b2b-2c1f76d8c334",498062,27
"981e6599-72bf-420a-b0c7-e2c69f7669b7",498062,9648
"49f69f49-9bff-4f62-a0e7-2471a99e2d55",355196,14
"093f2fbb-587a-4648-812f-0e6eb7632b8e",355196,18
"186f5260-fe7d-4ac0-b1ae-04dddadd7874",481760,16
"2156b258-2940-4b53-8cf5-fac89853386e",586342,10749
"4459c2c4-c5d0-4f5d-adc5-6f386116ab09",586342,18
"90d89e17-3cdb-4100-af03-90d3f0a84de2",501529,35
"484d4cd8-dfe6-4c26-a85d-8f28df852c1f",592251,99
"c810b74f-314f-463c-bfcd-8709ee0cbc2b",547403,18
"34a3b33c-ac25-47b4-9ac7-ce1bb8d05a73",538675,18
"6dae11a2-2acf-4554-8afb-6def1c671c8a",538675,35
"73c70688-eb54-41f1-a79b-765675a9160e",504605,18
"75fc91c1-d08a-48fb-90cb-f71c32375780",504605,36
"d7bb35fc-1f06-4590-88e2-cf35d5e66c7a",504605,10749
"2313b593-1989-48cf-97d6-056402130fcc",489763,18
"4492662e-6492-40f2-89ca-879fe847ec10",578665,18
"ea21780f-e509-4b03-bfd3-7e8f79e7f28e",557642,16
"1560c66b-4ef9-47e7-934e-5613855b90e5",557642,10751
"55a68955-d484-49f0-b429-8550154a1692",569930,35
"1e0fcd0f-6402-4dae-80e5-e0724d3e1194",574297,18
"9f28a21d-d3cb-4e75-803e-a351dbdd6979",564701,18
"8eabd33b-4303-4c64-b490-26b641a1f3ce",564701,53
"5508b78f-c916-454a-abce-48d5113d3c3b",588073,28
"bacedec5-5d72-4c14-a682-0388d2ebf11c",588073,80
"d2ad5710-d905-4469-acd4-758d92d7f6dc",515047,18
"8df01362-d5ed-4f5f-adfa-be4195c05eb4",586172,878
"139c72b0-8279-458c-8cd1-b07eaf3fa40f",586172,28
"57b226eb-3aaf-4155-bf07-d6272850df7e",586172,18
"ecf76c96-d396-4307-a5fd-8887de02b229",493656,18
"472ab3c9-b9d9-4970-9061-e9c250a8c0cb",512603,18
"9524fde6-5e4a-486d-a37f-b69e91448ba4",543093,99
"f4970ead-3e18-46ed-a4d5-641b80db4ded",84944,18
"456c91de-20b6-47a9-b113-9f808a4bbbbc",84944,14
"50d1b6bb-861a-4fcd-a738-8db137942057",84944,27
"0fb26593-13f8-449b-a6cd-443bf5f89cdd",541339,18
"47ff64d4-9da8-4d34-ad78-d46919ce2a76",541495,28
"3493253d-34b3-48bf-8b2d-38dc624d60ed",541495,35
"4d7a1555-4e9a-4c47-8a93-283188823e39",539056,35
"63efe2ce-25ea-483f-9a97-76d7e5b7a32a",594673,18
"95d5f97e-60d0-4bc7-976f-310373eabc5d",594673,9648
"c3374c39-bca1-4449-a69c-d2d04edf6033",594673,53
"5458f328-05f6-4527-bae2-b4ba8fc7bf63",411139,18
"a6d4efd7-482c-4c1f-9bd2-b654f0e78f77",512732,10749
"66e0d3b5-c478-49b4-a468-df02b5212223",512732,18
"71dcf65f-1d42-40f6-9f79-55b8d618cde2",585862,28
"a8f622e8-62ad-42b3-a8f2-d09d392ec711",585862,18
"038a06e3-6f33-4789-9547-232a97780bab",585862,53
"cfc69a2a-9ed6-4e42-9efb-ad5c66f8b67d",533984,35
"bc048366-b64e-4b59-bf06-efcc5cbd1216",467546,12
"0bb22ed9-9adc-4ea1-bfc0-3a12a3e4f5fe",467546,18
"c26849a5-10e4-48df-beff-eeb4d6fc6601",552758,80
"48c2076f-e0fc-4ab4-90b2-98d980b30e0c",552758,28
"7969e4d2-b669-4812-906c-015db56c3748",552758,9648
"56b1818c-9323-433e-8dc6-1455de0c3035",552758,53
"21c7f928-a5c8-4f09-b136-a9582c8acc53",476651,18
"1aa5a53f-61cf-4584-b181-f6e2779128a5",593435,28
"50c6c271-f2e9-4984-9de4-6886512c951f",593435,27
"8320951e-919a-4959-871b-263c39968bf6",575361,27
"4a5aaf75-2d55-47c1-9b95-0bc32a8a405e",488740,99
"aa6739e7-8f52-47c8-b2f1-25f38dfb58fb",488740,10752
"9a3d1e4d-ada3-4e19-8657-34c8ee6501a5",543562,18
"9d1bf344-1465-427c-9c30-0aff062c32f0",530227,18
"899bea98-67b3-434d-a2d5-a42e71ac615d",530227,80
"c847f536-5759-41ba-a7a3-401f250e2d02",577135,35
"dee4ffd3-1e4e-4856-8156-39ddfb216b95",537968,99
"c501c25c-6e73-40de-8a56-229eab9b9082",585747,53
"c12cfff9-42e2-4540-b239-094b866e8863",585747,27
"2c141ddb-8c3b-4a56-9400-2e2d0bd3cbe3",551499,80
"8e918bbb-f181-4e6e-a7ce-c0cefb1d2d9d",551499,53
"2fed0a4c-6d72-4f6f-8059-78b797bcbf7c",552095,12
"a7034ce8-e431-4b91-9a78-b12596ac088f",552095,16
"aa98314b-809a-487c-b5a3-f0ce3c87c88a",552095,10751
"02b025e9-c9f4-4d4e-957e-f0238dd35445",484594,18
"fa1df654-5c4d-4256-a502-5ad9e6eb91f7",500438,18
"9634c750-8c3f-49aa-8f1e-f502647fa2ae",554967,99
"6c51e457-31cc-490c-9bf8-0da269cba61b",543760,18
"4e096c32-ad5d-4412-b70b-9bf467b3234f",537488,99
"9bd263a2-6d79-4ae2-a3c9-d020117d7276",585358,53
"c08a67c8-03fc-41ab-a764-48069bb9fd98",539453,12
"ea6ab276-1f44-4710-a863-42a49801afc3",539453,14
"dd8fddd9-9984-4c6e-9c82-15dc3e4a090b",531368,28
"3e9a590a-62b0-4cc4-a85f-937d7662154f",531368,80
"c9ed470a-12de-4ea3-9fb4-5c98620ffd2d",531368,53
"98d8ae78-f105-4a9f-9bda-1130225e293c",557117,18
"4b76cd2d-d2a4-425f-9db9-b0c17616a087",489847,18
"f914f2fc-1562-42a4-9463-6bfb0791acfd",594431,28
"35747efe-5896-4a9a-b9f3-f828304f21f0",594431,80
"0c7f3574-48f7-412c-b71a-95ca43fb5e3c",594431,18
"b1799e19-f34a-49fe-aad4-6651045f043b",595255,99
"ea577780-dd8c-422b-a22c-ff0f6ea9ffcb",528453,18
"5de13e15-ba18-4c67-83f8-bff520a1faa8",519241,18
"b2a31a4d-a50e-465b-8f2d-aa0924571628",500909,36
"f8fa36e4-afb5-403e-a960-ab85ad2d07d7",500909,18
"046228dd-5b3e-486d-a7a8-66d271f050a7",500909,35
"43d4b81b-2fd1-4172-a410-a9e3fde66f47",570508,18
"df22b808-7bc8-4b88-9890-ebba05de587d",532787,18
"6b5614bb-2b83-46dc-a5bd-8f3d20b2034c",532787,878
"7874e76b-e27c-4184-abac-3f36468d3065",539033,18
"2fda72fb-3d27-4061-8df6-dda5eecc0b7a",478502,18
"e4ba8867-81c2-45ec-9700-8135d857ff45",542714,18
"28fe5dff-d031-4648-8115-22bd90fb904e",542714,35
"05e07ed3-29bb-48f1-a28d-045166abce28",506025,35
"1435ccfd-12ad-4421-b623-552cfe6ebfb8",506025,18
"0abdecd1-fb85-4741-94cb-862131022c29",506025,10749
"8c3b3ea2-2d5c-4722-8171-6cdcdac1a0d8",544384,18
"ececdc73-4435-4a0d-92e3-c85e7636b972",560559,18
"dfc3285d-dd76-4f08-afdf-f97f68ce139c",560559,35
"e5cc011f-513d-4191-bb38-ae0d81d86bfa",571689,53
"d951e41e-9671-48e3-97a2-d96abf364706",531753,28
"3dbc02c6-cd85-41fe-aecb-d982d51f8aca",531753,18
"4bd1431e-0685-41ac-80a1-ede3aa64647d",555637,35
"165b34c7-95b3-4f93-99cb-6b589c1e8d73",577340,28
"892dcda4-0b2c-4fbc-938d-8ab586c69cbf",577340,35
"8386c098-5229-4c57-8827-bf0345886cf5",577340,53
"3d6acd93-89db-438f-ae6b-74032fe7a212",475220,27
"7843af7a-8aca-465f-a896-0ce0b661dc2e",475220,35
"4d879f16-232f-45d4-a8c9-73d27dc46bc5",594223,18
"25c62dbf-be80-419c-8205-0c7b571406b8",594223,10751
"055aa16f-3a0a-4278-bb03-d6c81f330013",594170,35
"1f1907d8-b574-4649-a292-8f4e9a033edf",490594,16
"e132756c-a9da-47e7-99be-b6d6ca753e82",490594,10751
"bad7d259-76c6-403f-afc0-e0b5063a9519",528112,16
"fdf71a16-f41c-4e60-a83b-cfbceacef6d0",528112,12
"f54035f8-11c8-484c-9549-7c8ba4fda44d",528112,18
"512b06ab-3aa4-4c00-a7e8-3d1a5193b089",551745,18
"5e717b7f-dff9-4a96-97e6-bb50d366abc3",590833,18
"aa79e477-bccd-4e48-b4e5-7d8e90f1df5a",590833,10402
"18e8d71f-5ece-4ebe-bec5-978df0f82c75",575126,35
"0befb0af-6e47-4f53-afba-a241e94185c5",575126,12
"3b2c013b-6175-42d2-bc93-dbb497720341",498155,10749
"0d4e037d-ab51-463b-9fe7-db37846e3523",498155,18
"0ebd30f9-9d9e-416d-b4f3-fddcaff8bf7e",575872,18
"5561109a-b9dd-465e-85f9-f386454f7d67",498162,18
"4dd01fe5-5f3d-4eee-92d8-c8839aa14ed6",588459,36
"5dff4d47-791e-406a-81ba-a3f17f41be8e",588459,18
"56790c71-b9fe-42ec-b89b-2341b279950b",588459,10752
"d37e507f-a1da-457e-98d9-586275356d33",504859,18
"7c943db5-9b53-4437-b207-dc688f794e8e",542422,18
"5105ce5d-f2c1-4f8a-b5af-be41c76aa720",518997,18
"7299130b-8d8f-470f-a81d-c5c1fdf088c6",596690,53
"150cef19-1b43-4a08-a9a1-5d00ac5abb60",596690,9648
"145184dd-6b68-4629-96f5-8e0af2a7fa31",596690,80
"fdcc25cd-d313-40de-9bb6-07353ab034b7",596623,18
"70b83655-be88-474d-91d5-497e8c350ce2",596623,10402
"a7af152d-4e08-4294-a7f8-3771eb6d9f64",596559,35
"f3ae5d4e-449a-46a8-9ba0-27d96a72c08d",596559,28
"8dfae84b-c26e-4a3b-afc9-902d6b9051ab",576334,99
"d0598a38-9800-48e5-b835-5e27519eb449",545937,18
"cca38e73-d1be-4cf8-aa94-7d76a49ca0e0",546545,18
"5482f2b6-3925-4f37-9854-e70c52c8b9bf",489300,18
"418bcd95-73dd-46ae-a8d6-1863753bf2f4",489300,10751
"82d8ebdb-9b79-4156-8d88-526b8c446f36",591789,53
"86b111ec-8e38-48c4-9b25-bb882d0bd746",591789,18
"b2c935fe-04f2-4f4b-a5e2-6b5c1b0de325",591789,35
"105997eb-699c-4815-a155-775dacd6d16f",569040,27
"a84cc27e-5332-4caa-8ce0-54c35caee41b",590548,18
"31cfbdc6-d3a8-4e11-9b11-c956f30d99a9",526426,16
"fae4c607-c9f1-4c7a-a9c3-7f1a07d5f9e4",526426,12
"b891f5f4-cd07-4bba-a371-ebdfc925f6fb",526426,878
"d7ae4693-3dad-4af6-bf6f-cebf869e4d61",526426,9648
"f6526084-5660-4976-8802-a40b84c82199",526426,18
"52e75654-0a24-423c-a177-6175b56af817",499152,18
"56ff58b7-a71f-43f5-81ea-c089494de871",428882,53
"d2744e5c-4599-4a10-83fc-5f37776d0eaa",428882,27
"f70dae74-2b7c-412c-82ea-8d39c15e9307",428882,18
"86b89e80-1db4-46f9-a4ee-dc72ad4894e5",535610,27
"06d3260e-87a0-4886-961e-c8c25240bf85",539039,18
"d10ec4b1-fc1a-4f39-a894-8ad406c4f4fa",590320,99
"18cd97d3-1d08-4f0d-90a5-ec8390348fe5",586754,99
"99454e00-a5c3-45f3-9137-c14bc5bb9c12",594709,99
"b0272ad8-040f-4f7d-9e1b-54de6c436d99",550350,18
"e7cfb1b4-4bc5-4832-ac1c-8b2b23a93be7",550350,35
"5ae7b54a-a3b2-4559-8699-68779252e472",515369,99
"19501cf9-c01f-483e-98e9-c43e21a427f5",342091,99
"acd38467-f39a-45c9-bd53-282b8fc12a0c",536563,99
"42e98be5-5290-48fb-b202-6fbe352f4dc1",539445,18
"a54793aa-064a-4856-98a2-c23dbdae1fd3",551827,99
"4c5a358e-1dad-45f7-ac34-c94298b139b8",534313,16
"93313bc0-9d76-439a-bd05-632dbe7e3e90",534313,10751
"7f16740a-32e8-42ca-8e2d-4fd1bef60120",534313,35
"1207658b-162f-412b-9c6e-40e031f95d43",534313,12
"18e03d34-0319-47be-bf75-05ad3abbe6ca",588295,18
"a0035c07-c684-4ab7-a0e0-26d0365d637b",520273,18
"3e3e5b90-24a4-4f9a-ad8c-c3aaaa2d7b95",561605,10749
"201482ae-41e2-4376-b308-60c11e7e67ba",561605,18
"119f3346-7d50-49a7-9599-c6e98f00cad5",576404,18
"341f6568-0f34-4e3c-8a5e-876046020a9e",584350,99
"4ec010fc-e1e4-4f52-a07b-7d89df1d4eb3",553889,18
"05a5c61b-9a4f-45d7-9eeb-1a333c790173",553889,27
"6d4a530a-f34f-43c9-92e8-83f284cc811b",582227,53
"c52b4bee-2b1c-48cc-a2cd-b4b1a6f91468",582227,18
"d3f692ff-15e3-48ad-8908-5b73c84d616b",582227,36
"0253446f-cd65-4510-b19e-81a4a8851246",582227,10749
"73577e7b-2333-47c9-bf2b-ba7baa3d891e",582227,10752
"438b77e5-ca8e-4e95-85f6-fc237d8179ee",589270,10402
"466ece62-1cdc-48d9-8b51-1235f5a287ae",584416,10749
"eebccff4-8ac0-4b00-8295-e1c962a32d6e",584416,18
"856ec8f8-d3cb-4743-b691-251851a18ecb",545963,16
"a7bb1658-4a8d-4591-913a-a1f7abee875f",545963,35
"f2d2ce2b-43f7-49cd-a28e-fbacce796699",545963,10751
"2ba5b45a-64e6-48a9-bf34-75a60a53f03e",562288,99
"6965901d-cda3-4e09-a327-3e8a6f94933c",582968,18
"e1fab5fc-c990-4eac-87fd-b4afe0a0e415",582968,9648
"d056138f-b8e3-40db-ae57-703b8f513b94",582968,53
"ea11ba18-d540-4adc-8a8f-c413daa5ac63",483261,18
"85ba87ee-b174-434f-b2a6-3d04ae82406d",566368,99
"890adf9b-1b09-4086-8577-81e370871f19",489987,99
"cfcece22-eb35-4511-b39a-c89c654a32b6",480881,18
"6f2d1300-1fe3-4499-a878-ecd66f0c1fd4",583500,80
"64910d6c-3987-4e8a-88c3-e7c23feb085c",583500,18
"b95319e9-cf94-4bf0-a34e-9cd27f40961f",593369,99
"81c3ad3b-4bd0-4bae-9d84-9306818f7ad6",589225,28
"e4dce501-4828-4452-9615-85a0ae07510e",589225,14
"5d9ab98c-dad0-44e5-b76e-0b1b3cd7a88d",589225,53
"90705473-e30a-4b44-ab7c-e961ef3bd49b",587289,99
"8b6ade2b-e7b1-4eab-adbc-e3ffa4abe81c",573227,18
"3042d3f4-085a-4242-a44e-d13bc5ea35c4",573227,80
"aeb80fe8-1bf5-4d2c-8f4a-d9e077cd5899",573227,53
"1f8973fa-cd12-4e35-bb86-9c4c83fce7c4",514899,18
"1d91ed42-8678-4403-9972-9853cf495db1",572633,35
"7dae3608-bc77-4647-bb31-fc9b93da0db0",572633,10749
"ea46ce6a-036f-4bd5-8dcb-4d4e259a0bf4",481845,99
"13505567-b6f5-4473-a3a5-0f8fb4dbcb0e",378441,99
"c65ba2e6-88e3-4fe1-9e8d-4b12e87073d6",378441,18
"a9febcbe-a64c-459a-828d-32a731238bcd",543762,18
"d5354710-fff7-410f-bf04-15afc57abb1f",535550,18
"67ecb260-e949-4b26-b75b-4b3f5b75bb96",575769,53
"d2075e7c-4bb2-42f3-9640-43f658d39946",566219,99
"6cf59983-881f-4079-9f04-907f551f7393",543411,80
"b636e8bc-e7d2-4c68-a777-b563b8e44809",587332,18
"34660a4f-3e4d-49b5-a53f-87b92e5e28b4",580625,35
"15cd597e-eeeb-4503-bd81-fc5b6d06e09f",580625,27
"47279123-6147-467b-97e0-bb4529ee6647",551718,18
"b83d93bc-6307-46d3-9bd2-70e03430106a",589279,35
"f2638da9-2e7e-40fd-935b-71a5723e3118",589279,10749
"3bb15efb-879a-4f86-8321-32bd93155616",581998,35
"69618625-429c-4654-9f33-b530071f3bae",581998,10749
"7026f9ae-fb7f-477f-a6c3-4b48ac650874",532335,14
"12116d49-adc0-43ee-bc5b-ace1128e1c07",532335,27
"1b98679b-6588-4d27-ba02-f72bdea2d6ac",552378,878
"9d7edb87-b899-4f57-bb76-facc4ca65fd9",552378,14
"3bb7f1c5-9b2c-42e0-8853-48610306907c",467467,10749
"0d18d4b8-4ea5-44e4-8084-5244cfc9a0fd",467467,18
"25bbdab4-23bb-456f-b1ad-086bad57eb81",592752,35
"27544c1e-c642-43cd-a7da-e42d462fe2d0",248503,18
"d14836b0-a6fd-46ec-bd86-4f962092edc6",248503,10749
"6dfc8d3c-615c-4860-a667-073668db934d",248503,14
"674737f7-651b-4686-8cff-de7707ee4392",433074,99
"d646b44e-4d92-417d-9b84-aeef0aec3e02",542424,18
"e808e0d7-ced4-47ca-82cd-075b59fc658d",542424,35
"27131460-86eb-43d6-9e8c-f5a012f5bd0d",587488,18
"698fb645-83fa-44c8-9b3b-2126675f633d",587488,27
"0095ee81-d398-497c-9492-765816a07370",587488,10749
"6c8ced6b-653e-4618-9ee1-b297caff4e31",586690,28
"86aaa373-aea7-4e16-9938-71b21a6ee435",586690,878
"2224deb6-44ae-4577-bf4b-57aafc8527db",592875,28
"8ebc0fe6-a6c9-4538-8af9-c05ade84077e",592875,53
"27a212a5-40a6-4169-9b0a-3b232b36e3b1",542034,18
"0d5edb3a-2aee-4fd7-96fd-2fd8e8ee0c54",592892,35
"bf4e7469-f34e-46c0-8cfa-6d1c69eb840c",592892,18
"2edac8d0-16e8-4282-97f6-7bd5591a169a",592886,99
"8a02a6da-d171-49cb-a3d9-ab6064decb4e",592886,10751
"26c19792-8310-4fac-9ec5-1c6eb2d8decd",590753,18
"bc2391c3-c22d-431a-83a4-d92f067590b2",528379,18
"22b6031a-9e27-4dfa-9032-b6c523bdcb97",528379,10749
"76588f91-1670-485d-b5ed-9531893d4038",86267,18
"adaea76d-c8c8-4432-86de-fb6c0e50867c",352197,99
"8ea98439-c76d-4186-a0c2-b299b956c866",478503,99
"691a866a-1f43-492a-9b7d-ef80bc2a6483",478503,10751
"8a7a7edf-3eb1-4896-bc6b-508c84b9ae02",586037,14
"1aba5031-fb3a-41c7-b5ea-c4f12c673bce",596917,18
"6738529d-95e5-4545-98d1-d47ba64ae0c4",596917,35
"bd68266e-b086-4649-9c24-544b715ecb1c",596914,18
"9940fe2b-dc6e-4e40-a696-7db827ea92a3",592017,18
"a20b3c93-69c2-4ab8-b209-a682c5b6f87c",589795,10751
"73042d64-fc3a-4fe1-9304-b85bd593b287",589705,53
"584f97a1-5281-4646-8361-0503770cdd73",589476,35
"99155788-51a6-4ff5-9810-eb7ea6e4556a",589476,10749
"1ad56882-ac1e-487e-bd04-be75b13ee510",545638,18
"49fa94c1-bce6-4c11-b64d-a12e344e92cf",485344,18
"c0263c23-5c69-42a2-a552-d55439e3f107",586792,99
"35cc4af8-7d3b-4f2a-a789-1a1a46bf80ea",589688,99
"8c1ff232-d26d-4566-88a6-3b429d129988",409157,27
"898d2c4e-bc0b-4b9a-9715-00673a14acdf",569123,28
"2c074e17-036c-40e9-9191-fa29c9e61464",569123,35
"17432de5-4e40-417b-81f2-95cf0ce00f21",500895,18
"7a92f99c-0cf4-49c8-abf0-46cd622ee833",537868,18
"2e1b4ca3-cada-4a1a-9a3c-e39e4fcbf592",593365,99
"d0ee1c2a-b6f0-4e6b-a94a-8497a1ec380d",593364,99
"128fca7a-6a05-4ddc-af9c-80754e0d6ad0",593362,99
"6fa5c9e9-e93c-4155-931c-eb5036698de0",593360,99
"72414e43-b21e-45cc-aee4-a52c9b4e705f",593355,99
"28c250cb-f16f-467c-a314-ce6f96771ca7",592980,10402
"39bf7fd3-5425-4850-967b-aa7146ec3848",591672,10402
"34994f0f-19ff-4077-879f-8c7744c70595",589307,35
"2c40515b-37fa-40df-b6af-687815732fab",589307,18
"66ca364e-f548-43d7-87ab-425e91b275d0",574303,80
"56c43672-5dc9-4c47-a742-801777a538fc",574303,28
"1ec2ffdd-9773-44e6-80e4-08d1933ee6c0",588265,18
"3e2589d9-c95d-40be-8eeb-6ffb8e703569",588265,10749
"61ca7050-22e9-46f4-91f6-cde501d10e93",576314,10402
"ae718ffc-9eba-4718-9f87-34d0378b2cff",576314,99
"caf6c8d4-515d-463a-918d-e889ff7cc8a3",493899,18
"d07597a4-86e5-4a6c-a3fd-f2db711ecc31",493899,10751
"7f3383e0-5f4a-46e0-ac22-e8cef9d0ae7c",593378,35
"df7766fe-8218-406e-bbd2-93df80d3915a",554993,18
"fd4d9ce2-06ff-4a5f-9d70-de271dbb4fb5",554993,35
"691ac486-1656-4a1f-949b-360e0bff1ff8",505686,10749
"fab1eaa3-7e8e-4ee2-ac1d-54b772091d64",505686,28
"237d2d98-130e-466a-ada0-ca5902478994",389218,18
"7a5b6be7-3ab2-47a0-960f-ad3b45daa9c6",546462,9648
"357a000d-4559-47ce-b12e-00799ea33034",543370,18
"2c6acbe4-fa04-48be-b169-be3b462519a6",585400,99
"27ebc8ac-723d-4c58-a844-0f0fe2d290b9",575538,35
"1fc9df6a-dca1-4faa-a636-1b707a9bd277",576034,27
"55cfbaea-3171-4126-8da7-df88809667fb",576034,35
"bbff00d1-6428-4293-85e3-744fa7172530",57082,18
"b2c7de06-d284-41bf-842b-44db05fec4ab",568789,18
"81d946f2-8e66-47a0-a65e-2a81b71695a9",588417,18
"f992f354-b6b3-400f-b2d8-0bd9b8ec994a",522887,16
"ee97ba44-1879-4697-b3e3-efeb6f4c38fb",522887,12
"f4c44cba-28cf-4860-bc1d-bc24448c339e",589324,18
"a5334be9-7c7a-4da1-a7ff-38f249a3659a",577117,99
"555afceb-0b95-4639-a30b-b6fc70402917",473352,18
"ae2a6440-7758-4938-a5d0-e5d8367e4218",568490,36
"55aaff84-3251-473b-9c26-5430482feb14",568490,18
"0344745c-6689-4caa-a343-0071aaaf111c",568490,28
"aeb9e7f8-82a9-4b02-81e9-482ceeee8bfa",582134,35
"0fa7ec07-4c63-4de9-90e7-492a19daffdc",582134,18
"7ff410c4-5ed7-46a9-8b88-0984294c1b93",589698,35
"190add6d-0b87-41ec-a023-07c9d8ac5366",589698,10749
"acf656b5-5ef4-42f1-952f-804e36e420de",595441,18
"6ce41bf6-d8da-424e-a353-618b5dfe4068",579389,99
"bba6af17-91a2-4515-9643-1ec885073bfe",577122,10751
"26579f76-6f04-4523-91dc-5e277ceb2e94",577122,10751
"70d1a223-2b70-4682-b67d-49e3156009fd",593054,16
"34c68ee6-efbf-4c6a-88b8-1da21f3014f9",586045,27
"d22b2a74-885d-4b21-83d8-6fd878d40ee3",586045,53
"36e3be25-fdd8-42bb-b207-1d9b0d51eb78",592584,99
"f1193d8e-d582-4e83-8a7c-b888ee6cc2bc",591441,18
"03151688-74e6-48dd-87b3-d227449ef223",593032,18
"89c1cb1e-d3ee-4d71-a47c-ddda0dfc0837",587614,27
"3e180c8a-6de3-40b2-ba93-8d2a998dd4f5",593038,35
"ba6ceb1e-a8c6-42ac-b90a-e098cb1f295d",593038,18
"f7b92bc7-ea77-4d11-8287-c144e86259e7",591104,18
"7d50d5b0-b92a-4e1f-89f6-212aaac4aa2c",577441,18
"87ab12ec-5b04-4e23-ba65-7f25122aae70",42018,18
"ce9295f7-7e5d-469b-bb8b-a07158c8880e",589780,99
"6e3cc20f-ffa6-44b3-8b74-26d682f13632",575440,18
"20a94841-5e57-4cc2-acc8-017e50e1fe03",575440,10749
"955a1b35-5714-4ae9-849e-e4f6f02b5ce9",576789,53
"ac4f0996-b35d-4426-b1a0-e73fef7b17f9",576789,9648
"6c0c9ea8-c80b-4df1-bff2-0a55daad1c76",585504,10402
"d65ecc4e-6e64-4fe3-8509-65821e2fd81f",585504,18
"7212ed66-38f5-4efe-8892-eee6dae678bf",587217,18
"e17639c1-905b-4d47-bef4-0c07078de4f7",587217,35
"1ccdd38c-c019-410e-bde4-cc2edfd6dcac",594793,18
"a0e0518c-47ce-4fb7-abbd-3c2d2cc19a06",594793,878
"4108acca-1b36-46b8-bcf9-75f5df398785",473753,99
"06540745-332d-4b60-8950-c3d47cccbaac",590990,35
"6acf6dff-fbfc-45cc-9833-f483370c7660",590990,10749
"35471ae5-82a0-42b4-9c32-bf63c54bb34c",511539,99
"c1d6127a-7667-4763-9ad8-c095eda4af5f",591429,27
"752116c9-4d7e-4c13-9afe-956057f0b4c3",560607,18
"95e8f9a7-1029-417f-90a6-755169df371b",536881,18
"8a14ae3f-c008-429d-959d-3520798896a2",585390,99
"9468c79a-4ed4-424d-a5d7-b7fe6d80ef28",423778,14
"f8df73f2-87fd-4412-ae2b-44ac63690f0a",423778,18
"6428b7c3-4724-4bae-a152-8f936fb21569",579846,10749
"a05603a6-1dd7-4518-9e4a-dd0af0585413",579846,18
"c9fe0fa5-2c52-4973-9a63-1074bae34bbf",589677,28
"ad369839-f99c-4f17-988a-de67501bf3a4",592114,18
"45b89bd7-12b7-4bc8-8f92-2bbcf1b80af2",590443,99
"bfc97e97-8bf7-488f-86c2-c4c894b77b44",565357,18
"a174eacb-fc0d-42d3-935c-5a652ca866ed",519101,18
"f746c25f-01af-4bc2-8b72-f465b9a432d5",580430,18
"a9a5d0dd-e2ac-49af-83fc-62a250ab6efc",580430,10749
"ea21b609-2824-45de-a450-d830843d156b",586776,28
"58d669d7-63e1-4f23-b8f2-28291df26719",586776,18
"3a714ced-ac46-4c16-90ae-0290b5c3cd92",588302,18
"a2cd0def-d327-4a30-910c-505e4adb38f4",588302,9648
"e6262f75-3564-4ea6-bece-c17a07336b34",577101,18
"d7a2701b-9132-4afb-a4d1-f0b176cfde63",566213,99
"95e6c86a-3ca7-44c4-b03f-403aeb94e75f",577148,99
"c9dd451f-939d-46ad-872d-02837c5e99c3",591637,53
"94a22c1f-f89b-4e4d-9502-970615ba439a",591637,18
"8adafb82-39b2-42f2-ac74-c807ed6abc0b",591400,18
"16edfae3-a15d-4cb8-9afc-b66d796c476e",591400,35
"63dad2e2-8251-4b49-9bea-a44b949787e6",582375,10749
"7ca1e32c-b9ee-4a6f-9d80-1d0af1717100",582375,18
"26005c94-a20e-4bb7-a857-2632d65f2493",592645,99
"5b0cbb7f-ea69-4d81-a6f5-d3668b991620",489166,18
"c1a30ee7-2cd6-4539-abda-8126998564b7",550540,18
"54130651-1991-46d3-b65f-fe261d8b81f5",546794,10749
"8aaa88ed-bade-46e4-a965-f6c2fff7d7d5",575528,18
"47a52e35-4c25-4a63-a08b-7e9cc20a17da",575528,10749
"272d4a93-76fa-4490-b565-81ca68d269f9",575528,14
"1d452778-70e0-4ba8-b137-fd499295a001",575528,9648
"379b2a2c-68df-4284-97e2-d47f2b36912b",579678,18
"c4830451-a0a0-44e6-94a9-b74e881069c3",579678,35
"72199f7a-2015-498c-ac49-3e90f8a10100",589060,80
"89a9dc25-5678-4cb5-9309-a3b258867843",589060,53
"f3ca247f-df6d-45cb-afab-b063f4b1acb5",564629,99
"f764c849-e8a3-4289-a7cd-a664c247e878",472396,18
"a575e0da-367e-46fd-b1de-8ab99d6f8b93",471113,10749
"584e57ec-b34d-4ea3-8cce-345daebd26be",471113,28
"104d9991-3f6e-4b92-be35-49c19061630a",471113,53
"4932c70e-cc74-4001-887c-d6eea801b934",589678,28
"8f3c94bd-af97-4e11-912d-4dea363ead2d",490575,99
"3e134548-c310-4f79-bf86-c484469e18c2",566367,99
"90012f3b-bdd6-4f5f-8a46-97490e76bec9",568790,18
"2d43c7f9-c493-495d-9ff4-1ed3a9880b90",507317,18
"9e163466-f91b-44cd-b289-eb9223acdbea",507317,36
"a3cc68d9-e2ad-421a-bdb8-32d285f3c4e0",589703,18
"d8795449-0daf-40b3-bbde-7088185136de",490794,99
"3b8434d7-8652-48fd-a65a-2d826e0bdd45",591285,99
"6472a376-21d9-45c4-9008-755e4677a890",587670,18
"e3e5f0af-c4e7-4697-ad5a-8cc5121f05c3",519116,18
"e45e32ef-a990-4864-889d-73ada92b3b49",519116,10752
"c85a9861-dc64-49e5-ad72-e7cf88cedcfb",537961,18
"ccc37816-d4c7-4fa2-b1b6-9e3145578e80",589518,18
"ad011655-f490-4fa4-afce-cd6e6e27e9b4",589518,35
"2dd2e185-8cc1-4c26-b260-97f7e89afccf",590917,99
"6498d263-c3d1-4e07-af24-322460745830",515914,18
"cbcbd5cc-9f5d-4ef2-af3b-26c8cac82e11",560153,99
"7bf889e2-d983-408a-8598-d4b47fddf43b",586983,18
"3613de62-b23e-4c0d-8dcc-fa2ebf622846",544742,18
"b6c3dd8b-76ca-47a0-878c-5956182c7a0b",589683,27
"8bfc48d0-3c89-4d88-977e-b418c1348972",585653,99
"20e836a2-2b9e-41a4-9fbe-7d994e7abd4f",580854,10402
"9355d340-dde9-4a1c-af1e-4778b0097f3b",583269,99
"3248c3ff-267d-4fab-8192-37a8ea12a195",588458,18
"8fbaa570-2a1a-4a38-a19c-ebc3c55ae445",591888,10402
"994dfb17-2bc8-4a16-aff9-d5f318b885b7",573000,18
"a28c5d07-4427-4d62-897a-9cb603509a86",104310,9648
"beb9dc86-abb7-4d10-80bf-7fb59764eafe",255982,18
"8f2774fa-0f09-40a2-bd8b-5bbeda373e06",591068,18
"f326df98-ac59-4062-b5eb-2a0be5d82217",591068,10749
"a0ff59b2-c3c8-4106-8943-fe18caf76390",528447,18
"f59d5844-407f-47cc-a32a-ef6e36258976",591121,28
"cfae3da0-5c2e-494a-a3a6-13a6a7d7b60a",591121,80
"7a3d24b8-a049-4cfc-a0a2-b74ae561236f",573654,80
"864f80c8-b358-4f20-b26c-83835b0ae73c",454825,99
"8c45114c-e51c-4152-b14c-8310b35954db",584220,99
"35621a61-1f9f-4af7-865f-63d60e220ddd",493775,18
"0cff899a-cc69-42b6-9076-fc33c68698cc",594541,35
"d61f9f82-d129-4183-854b-ef8aae0e5621",588300,18
"4c7eb807-a96f-4ccc-aecc-6f2293756ac1",505398,18
"5b38f5d5-ac02-41db-92b0-01f38ea668a7",505398,9648
"31bba3f2-a498-4cb0-8e81-1a5a8335e16a",586441,18
"f3dc579b-9880-48f2-831e-ac73bd6c6e00",586441,878
"89c7a9cf-615a-4bca-896f-3dc6700b2a1b",592792,99
"17e5f530-ea41-4cc4-8c4e-caed0f40f05e",563468,99
"470d44d2-788d-4f8a-a52c-cb29e50df313",589931,18
"921f9989-38b0-4668-af61-0e3fac62bbb1",585863,99
"660aa97f-f307-43f1-b1c0-b6fcaff92d4c",576254,99
"c203fa20-d784-4344-8a98-8dbd8cc618ff",531953,99
"bc948bfa-1636-4997-b4bc-b779d7776097",527251,99
"fcbde9ee-da22-454b-b489-d0628b51f78c",554493,10749
"348c80bf-f618-4bd1-8a82-5accfdbee471",586481,99
"25177ea0-45fb-497a-82b0-7cc84dd77daf",417432,18
"d63e68ff-df3c-40bd-a28a-384682b46181",591914,99
"257ec220-cb29-46e7-926c-02e12197a79b",575534,10751
"e722abf1-f2d3-4d33-83b1-40eba225cc48",588853,99
"1aaea047-6533-4a01-8e3f-8b486828c9e2",589526,18
"04051812-5cb4-4e71-b024-b9185ef61ce1",507199,18
"7b9b7dfc-7f01-408f-ac5b-1e6afff2a3f5",507199,12
"c3379d3b-5e6d-4278-af5b-9a3049ba5a42",588986,18
"94b56e7a-4125-48bd-ae59-1de09f1155a1",586723,18
"9ad49769-d01b-4147-8ae4-33ace172dafa",589455,18
"9896d924-7b4a-4d2f-b093-7439c969d2de",589953,99
"196e796e-7aec-4d28-8070-c9bd2c42824d",589953,18
"cf0b2964-2ab6-408d-b1ce-b6d5e038ad64",588814,18
"3a26b064-0a00-4232-8e1c-de8f3e0c4461",437612,99
"e8c6d6bc-2732-4029-abbb-7056d24975ad",448933,10751
"fdd4b8a4-f2ed-4af9-8799-6532f8d8f43d",448933,12
"19938093-542d-438f-a298-e0e64fc4a2df",448933,18
"84933d88-b960-4d31-808f-c9fbddd58ce7",589513,18
"f14e8541-9e5b-4634-b71f-43c2fd72e357",589200,27
"d4fea10b-d234-46de-a03d-8c0cb9a73b25",589200,35
"262bad9f-8f2e-4b43-9d8e-2d07260e45ea",589200,10749
"104171c6-473f-4016-a7c9-f6a5d866a209",589520,18
"7b84bd37-2f9f-493d-b174-6f5d373ce378",500913,36
"aba5716e-af28-41e3-af52-16bbf5425e44",500913,18
"7d5583bf-2eea-4266-8be9-e262776309ae",573858,80
"7020c044-9475-4243-bd12-c19cc8db8527",573858,18
"5d9a4e3d-822f-4fa5-9174-cb1c54d5e641",573858,53
"63a0389c-a043-48ac-93a9-d59a0e65bed7",583837,35
"d8022d82-0649-4e89-ad34-a450a1ae53a8",583837,18
"b8620703-5be9-445e-975c-e0809812d2bc",468196,18
"21a759b3-8946-47f2-b554-e02cbf115244",468196,36
"cb758360-d655-45ec-b1d0-16b6898612d3",589908,18
"6b7f6836-15f2-458b-90b0-c83dedb3edda",593929,99
"d8bb2077-89bb-4cc6-b764-334358729f0a",554569,35
"dab5e493-cf97-4209-825c-3bd26fc298d7",554569,10749
"90766bb3-6aa7-4637-9e0f-b5e6c30eb3dc",559673,18
"5bf3cc47-a209-4416-9f90-cfd609720824",577132,99
"6b5e159b-4f88-433e-a216-de8e729ba07a",541579,99
"2f3511d1-e90b-4e9e-9b30-bc89c50a10e2",551384,18
"c9b35dd7-1c94-4d69-9672-e245b8f19dbd",551384,878
"6b26739c-466c-4e52-b7f9-638c63bc6ff2",588978,99
"505aced8-be33-4a13-9980-4fb5f6da50ae",66569,99
"3c54fc29-4c18-4ee8-841c-772315013cc3",66569,10752
"bdea00b6-6814-472e-bc51-0b297cc01976",541761,10749
"a5c3e90e-8a12-4bb2-91f8-25e008a8e7a2",541761,35
"4023d66b-a256-4b61-a903-e6ba5c7ebebf",532880,35
"992001c7-b5f7-48e4-a03c-54f7dffc4e6f",481264,18
"deb77388-f03b-4082-affe-286e39753c17",539962,99
"e52dc050-1826-4ada-b47b-092a5bc25637",487463,99
"82d99e98-60b2-4a34-a179-2867330e24f7",512376,99
"d2d705d5-3a92-4bca-8864-4cdb3e3e30f8",567857,80
"d88cf6a5-7ffa-4622-a6f7-d0ab53b9fda5",567857,18
"06c58b39-4371-40a5-a509-c27e080f4e1a",567857,9648
"6d07940e-f711-46cd-b465-1dfef7ee6b59",562900,18
"f9a8f83a-2ce1-48a2-939f-ea28c142139b",176643,35
"bc1a894a-cb0b-49ac-82ff-32878a5bdbf2",570436,12
"aaeb74a4-31dd-4078-babc-05b7e4f2def9",570436,28
"ea646f6c-32be-4990-9d11-5471ac1664fa",570436,18
"1cb176e5-b3bb-4865-b29c-46f3be514719",502549,12
"0a111e37-86f7-4d4d-a992-2d495f884ca8",502549,37
"c1e8a32d-7ea9-4605-87c2-4221091fabe7",502549,28
"caba0241-266a-4f0c-9735-8e7100452a62",502549,10749
"6898b4d9-20de-4adc-b6f2-d16f16aba111",502549,18
"077a56c3-079c-40e7-b914-137bbb2beaae",493913,16
"c95444d7-00c1-45cf-898d-c48725aa25db",539964,18
"841d5fc7-5246-4e46-8b52-07f1c321af4e",410592,53
"72d0af9c-caea-4059-b077-1473eee17d74",410592,18
"f06fe788-6203-49cd-873a-73d35860220d",410592,10749
"f1d5f795-b5b4-4b8a-9421-2d55eca79137",486412,18
"da643175-d584-4954-a957-a34b00bac6d2",44550,18
"28c3e74a-1800-4e61-aa65-7f1185616440",44550,27
"4491fb31-b07d-48bb-8701-39fc69ee4541",44550,53
"32c541b2-9b8d-410e-889c-2e66124c053b",595564,99
"a7796647-c49b-408a-b6f3-45fc6a216b9c",595487,99
"f75bd271-b804-4680-9f7f-83027dd68489",594417,27
"54dd5983-107a-4bd9-bc8e-1bc3a01fc750",593815,35
"98aac0da-1d5f-4e4a-9b32-a706dc1e9d28",590242,99
"61634051-deba-4fa1-bf07-514f986b9ff2",589936,99
"c778dcea-b30f-41f6-8251-385a667b2631",588340,35
"94157f99-6351-45d3-92a5-b3ba3060bdf4",587868,18
"a84192a8-b888-493e-a167-89235bfddaaf",587121,18
"8715a235-3545-4438-8468-970e6076e67d",583545,18
"b665d4e8-dfbc-408c-868f-d5edaf2fb649",583545,80
"2714948e-9462-4647-a4c7-d78d4dd5f17c",580395,80
"4fe3a1ed-97b8-4e26-a338-a0f70978890b",577153,99
"cb07ff24-7068-49d9-8d86-8f0090b7f9f8",574675,99
"c192f98e-f75a-487d-957a-70634624bbc8",566387,9648
"0bc74922-1842-4f6b-a2ce-a40241a25ee8",557047,18
"005d1397-1951-4128-b395-c025dbdec32a",546424,18
"edc2a52a-60fd-43e7-8379-3b181c3e6522",539434,18
"3ee189b1-64d1-4b26-bf0c-af5ef1d72c50",513157,16
"a3bf1c83-2d97-4b84-86a8-af8f8f170252",513157,10751
"5f419b89-14de-4539-93d8-1630b56c5c1a",478051,99
"23eda20c-fa02-44b3-86b5-12c1ac9eeaff",299534,12
"9e9901e5-8d23-4a39-aa5a-9f6d786c6704",299534,878
"ec3937a6-cbdd-4ad1-93c2-f826ea411254",299534,28
